Date;EONIA
4-1-1999;3.2
5-1-1999;3.2
6-1-1999;3.21
7-1-1999;3.21
8-1-1999;3.21
11-1-1999;3.2
12-1-1999;3.19
13-1-1999;3.18
14-1-1999;3.16
15-1-1999;3.1
18-1-1999;3.02
19-1-1999;2.98
20-1-1999;3.01
21-1-1999;3.03
22-1-1999;3.07
25-1-1999;3.14
26-1-1999;3.22
27-1-1999;3.13
28-1-1999;3.12
29-1-1999;3.16
1-2-1999;3.17
2-2-1999;3.18
3-2-1999;3.18
4-2-1999;3.17
5-2-1999;3.15
8-2-1999;3.15
9-2-1999;3.13
10-2-1999;3.12
11-2-1999;3.1
12-2-1999;3.08
15-2-1999;3.06
16-2-1999;3.04
17-2-1999;3.03
18-2-1999;3.02
19-2-1999;3.03
22-2-1999;3.05
23-2-1999;3.34
24-2-1999;3.13
25-2-1999;3.11
26-2-1999;3.12
1-3-1999;3.12
2-3-1999;3.11
3-3-1999;3.08
4-3-1999;3.06
5-3-1999;3.04
8-3-1999;3.03
9-3-1999;3.03
10-3-1999;3.02
11-3-1999;2.99
12-3-1999;2.92
15-3-1999;2.9
16-3-1999;2.9
17-3-1999;2.98
18-3-1999;2.95
19-3-1999;2.65
22-3-1999;2.19
23-3-1999;2.39
24-3-1999;2.98
25-3-1999;2.99
26-3-1999;2.99
29-3-1999;2.99
30-3-1999;2.98
31-3-1999;2.99
1-4-1999;2.98
2-4-1999;2.96
5-4-1999;2.97
6-4-1999;2.98
7-4-1999;3.08
8-4-1999;3.11
9-4-1999;2.81
12-4-1999;2.77
13-4-1999;2.73
14-4-1999;2.6
15-4-1999;2.58
16-4-1999;2.55
19-4-1999;2.51
20-4-1999;2.47
21-4-1999;2.47
22-4-1999;2.47
23-4-1999;2.93
26-4-1999;2.53
27-4-1999;2.53
28-4-1999;2.52
29-4-1999;2.52
30-4-1999;2.53
3-5-1999;2.52
4-5-1999;2.51
5-5-1999;2.51
6-5-1999;2.51
7-5-1999;2.51
10-5-1999;2.51
11-5-1999;2.51
12-5-1999;2.51
13-5-1999;2.51
14-5-1999;2.51
17-5-1999;2.52
18-5-1999;2.53
19-5-1999;2.64
20-5-1999;3.02
21-5-1999;2.61
24-5-1999;2.54
25-5-1999;2.54
26-5-1999;2.52
27-5-1999;2.51
28-5-1999;2.51
31-5-1999;2.52
1-6-1999;2.52
2-6-1999;2.53
3-6-1999;2.54
4-6-1999;2.54
7-6-1999;2.54
8-6-1999;2.54
9-6-1999;2.54
10-6-1999;2.54
11-6-1999;2.55
14-6-1999;2.55
15-6-1999;2.55
16-6-1999;2.56
17-6-1999;2.58
18-6-1999;2.6
21-6-1999;2.67
22-6-1999;2.66
23-6-1999;2.23
24-6-1999;2.55
25-6-1999;2.58
28-6-1999;2.6
29-6-1999;2.66
30-6-1999;2.76
1-7-1999;2.6
2-7-1999;2.58
5-7-1999;2.57
6-7-1999;2.56
7-7-1999;2.54
8-7-1999;2.54
9-7-1999;2.54
12-7-1999;2.54
13-7-1999;2.55
14-7-1999;2.56
15-7-1999;2.59
16-7-1999;2.62
19-7-1999;2.63
20-7-1999;2.63
21-7-1999;2.6
22-7-1999;2.04
23-7-1999;1.87
26-7-1999;2.57
27-7-1999;2.59
28-7-1999;2.58
29-7-1999;2.58
30-7-1999;2.58
2-8-1999;2.58
3-8-1999;2.55
4-8-1999;2.54
5-8-1999;2.53
6-8-1999;2.53
9-8-1999;2.53
10-8-1999;2.54
11-8-1999;2.55
12-8-1999;2.56
13-8-1999;2.57
16-8-1999;2.57
17-8-1999;2.55
18-8-1999;2.16
19-8-1999;1.85
20-8-1999;1.94
23-8-1999;1.86
24-8-1999;2.55
25-8-1999;2.56
26-8-1999;2.56
27-8-1999;2.55
30-8-1999;2.55
31-8-1999;2.56
1-9-1999;2.56
2-9-1999;2.55
3-9-1999;2.54
6-9-1999;2.53
7-9-1999;2.52
8-9-1999;2.52
9-9-1999;2.51
10-9-1999;2.51
13-9-1999;2.51
14-9-1999;2.51
15-9-1999;2.51
16-9-1999;2.51
17-9-1999;2.46
20-9-1999;2.05
21-9-1999;2.38
22-9-1999;1.92
23-9-1999;1.74
24-9-1999;2.52
27-9-1999;2.52
28-9-1999;2.52
29-9-1999;2.52
30-9-1999;2.63
1-10-1999;2.57
4-10-1999;2.6
5-10-1999;2.62
6-10-1999;2.64
7-10-1999;2.66
8-10-1999;2.53
11-10-1999;2.53
12-10-1999;2.55
13-10-1999;2.58
14-10-1999;2.6
15-10-1999;2.6
18-10-1999;2.56
19-10-1999;2.11
20-10-1999;2.09
21-10-1999;1.93
22-10-1999;1.76
25-10-1999;2.59
26-10-1999;2.8
27-10-1999;2.77
28-10-1999;2.65
29-10-1999;2.8
1-11-1999;2.78
2-11-1999;2.87
3-11-1999;2.98
4-11-1999;2.91
5-11-1999;2.95
8-11-1999;2.91
9-11-1999;2.91
10-11-1999;2.91
11-11-1999;2.92
12-11-1999;2.97
15-11-1999;3.01
16-11-1999;3.01
17-11-1999;2.9
18-11-1999;2.66
19-11-1999;2.74
22-11-1999;2.72
23-11-1999;3.11
24-11-1999;3.04
25-11-1999;3.05
26-11-1999;3.04
29-11-1999;3.04
30-11-1999;3.15
1-12-1999;3.07
2-12-1999;3.05
3-12-1999;3.04
6-12-1999;3.04
7-12-1999;3.07
8-12-1999;3.04
9-12-1999;3.02
10-12-1999;3
13-12-1999;2.97
14-12-1999;2.97
15-12-1999;3.02
16-12-1999;3.04
17-12-1999;3.04
20-12-1999;2.98
21-12-1999;2.86
22-12-1999;2.82
23-12-1999;2.91
24-12-1999;3.07
27-12-1999;3.07
28-12-1999;3.05
29-12-1999;3.04
30-12-1999;3.75
3-1-2000;3.06
4-1-2000;3.01
5-1-2000;2.99
6-1-2000;2.92
7-1-2000;2.89
10-1-2000;2.98
11-1-2000;3.01
12-1-2000;3.07
13-1-2000;3.04
14-1-2000;3.03
17-1-2000;3.02
18-1-2000;2.98
19-1-2000;2.85
20-1-2000;2.95
21-1-2000;3.15
24-1-2000;3.11
25-1-2000;3.09
26-1-2000;3.06
27-1-2000;3.1
28-1-2000;3.3
31-1-2000;3.29
1-2-2000;3.26
2-2-2000;3.18
3-2-2000;3.19
4-2-2000;3.26
7-2-2000;3.25
8-2-2000;3.25
9-2-2000;3.24
10-2-2000;3.24
11-2-2000;3.25
14-2-2000;3.25
15-2-2000;3.25
16-2-2000;3.25
17-2-2000;3.23
18-2-2000;3.2
21-2-2000;3.2
22-2-2000;3.22
23-2-2000;3.48
24-2-2000;3.41
25-2-2000;3.34
28-2-2000;3.37
29-2-2000;3.47
1-3-2000;3.37
2-3-2000;3.33
3-3-2000;3.28
6-3-2000;3.29
7-3-2000;3.31
8-3-2000;3.35
9-3-2000;3.47
10-3-2000;3.52
13-3-2000;3.54
14-3-2000;3.53
15-3-2000;3.5
16-3-2000;3.49
17-3-2000;3.49
20-3-2000;3.48
21-3-2000;3.49
22-3-2000;3.58
23-3-2000;3.86
24-3-2000;3.59
27-3-2000;3.6
28-3-2000;3.6
29-3-2000;3.62
30-3-2000;3.7
31-3-2000;3.75
3-4-2000;3.6
4-4-2000;3.6
5-4-2000;3.58
6-4-2000;3.58
7-4-2000;3.58
10-4-2000;3.59
11-4-2000;3.64
12-4-2000;3.72
13-4-2000;3.68
14-4-2000;3.61
17-4-2000;3.66
18-4-2000;3.83
19-4-2000;3.83
20-4-2000;3.35
25-4-2000;3.81
26-4-2000;3.91
27-4-2000;3.83
28-4-2000;3.93
2-5-2000;3.9
3-5-2000;3.91
4-5-2000;3.96
5-5-2000;4.03
8-5-2000;4.01
9-5-2000;3.99
10-5-2000;3.98
11-5-2000;3.93
12-5-2000;3.9
15-5-2000;3.94
16-5-2000;3.98
17-5-2000;4.08
18-5-2000;4.02
19-5-2000;3.79
22-5-2000;3.49
23-5-2000;2.9
24-5-2000;4.06
25-5-2000;4.03
26-5-2000;4.02
29-5-2000;4.04
30-5-2000;4.08
31-5-2000;4.2
1-6-2000;4.16
2-6-2000;4.16
5-6-2000;4.16
6-6-2000;4.13
7-6-2000;4.06
8-6-2000;4.15
9-6-2000;4.33
12-6-2000;4.36
13-6-2000;4.35
14-6-2000;4.31
15-6-2000;4.26
16-6-2000;4.24
19-6-2000;4.21
20-6-2000;4.22
21-6-2000;4.38
22-6-2000;4.16
23-6-2000;4.51
26-6-2000;4.44
27-6-2000;4.43
28-6-2000;4.38
29-6-2000;4.33
30-6-2000;4.75
3-7-2000;4.33
4-7-2000;4.32
5-7-2000;4.32
6-7-2000;4.32
7-7-2000;4.31
10-7-2000;4.31
11-7-2000;4.31
12-7-2000;4.31
13-7-2000;4.3
14-7-2000;4.31
17-7-2000;4.31
18-7-2000;4.32
19-7-2000;4.34
20-7-2000;4.22
21-7-2000;3.98
24-7-2000;4.36
25-7-2000;4.35
26-7-2000;4.33
27-7-2000;4.33
28-7-2000;4.35
31-7-2000;4.45
1-8-2000;4.33
2-8-2000;4.33
3-8-2000;4.33
4-8-2000;4.33
7-8-2000;4.33
8-8-2000;4.33
9-8-2000;4.33
10-8-2000;4.33
11-8-2000;4.35
14-8-2000;4.39
15-8-2000;4.39
16-8-2000;4.38
17-8-2000;4.35
18-8-2000;4.27
21-8-2000;4.26
22-8-2000;4.35
23-8-2000;4.08
24-8-2000;4.55
25-8-2000;4.73
28-8-2000;4.76
29-8-2000;4.74
30-8-2000;4.7
31-8-2000;4.7
1-9-2000;4.6
4-9-2000;4.59
5-9-2000;4.6
6-9-2000;4.61
7-9-2000;4.64
8-9-2000;4.64
11-9-2000;4.63
12-9-2000;4.61
13-9-2000;4.58
14-9-2000;4.54
15-9-2000;4.53
18-9-2000;4.54
19-9-2000;4.54
20-9-2000;4.54
21-9-2000;4.4
22-9-2000;4.12
25-9-2000;4.66
26-9-2000;4.72
27-9-2000;4.7
28-9-2000;4.7
29-9-2000;4.91
2-10-2000;4.69
3-10-2000;4.69
4-10-2000;4.68
5-10-2000;4.71
6-10-2000;4.8
9-10-2000;4.79
10-10-2000;4.78
11-10-2000;4.78
12-10-2000;4.77
13-10-2000;4.73
16-10-2000;4.73
17-10-2000;4.73
18-10-2000;4.65
19-10-2000;4.64
20-10-2000;4.68
23-10-2000;4.72
24-10-2000;4.84
25-10-2000;4.85
26-10-2000;4.85
27-10-2000;4.85
30-10-2000;4.85
31-10-2000;4.97
1-11-2000;4.87
2-11-2000;4.86
3-11-2000;4.85
6-11-2000;4.85
7-11-2000;4.84
8-11-2000;4.83
9-11-2000;4.82
10-11-2000;4.81
13-11-2000;4.81
14-11-2000;4.8
15-11-2000;4.79
16-11-2000;4.77
17-11-2000;4.76
20-11-2000;4.8
21-11-2000;4.86
22-11-2000;4.79
23-11-2000;4.81
24-11-2000;4.83
27-11-2000;4.84
28-11-2000;4.85
29-11-2000;4.86
30-11-2000;4.94
1-12-2000;4.84
4-12-2000;4.82
5-12-2000;4.8
6-12-2000;4.78
7-12-2000;4.81
8-12-2000;4.83
11-12-2000;4.83
12-12-2000;4.83
13-12-2000;4.81
14-12-2000;4.79
15-12-2000;4.78
18-12-2000;4.79
19-12-2000;4.78
20-12-2000;4.74
21-12-2000;4.73
22-12-2000;4.85
27-12-2000;4.86
28-12-2000;4.88
29-12-2000;5.16
2-1-2001;4.83
3-1-2001;4.82
4-1-2001;4.81
5-1-2001;4.78
8-1-2001;4.77
9-1-2001;4.78
10-1-2001;4.81
11-1-2001;4.82
12-1-2001;4.81
15-1-2001;4.81
16-1-2001;4.8
17-1-2001;4.78
18-1-2001;4.77
19-1-2001;4.72
22-1-2001;4.61
23-1-2001;4.19
24-1-2001;4.77
25-1-2001;4.78
26-1-2001;4.78
29-1-2001;4.79
30-1-2001;4.78
31-1-2001;4.82
1-2-2001;4.77
2-2-2001;4.77
5-2-2001;4.77
6-2-2001;4.76
7-2-2001;4.76
8-2-2001;4.76
9-2-2001;4.76
12-2-2001;4.75
13-2-2001;4.77
14-2-2001;4.87
15-2-2001;4.9
16-2-2001;5.01
19-2-2001;5.45
20-2-2001;5.57
21-2-2001;5.72
22-2-2001;5.7
23-2-2001;5.08
26-2-2001;4.83
27-2-2001;4.86
28-2-2001;4.99
1-3-2001;4.81
2-3-2001;4.81
5-3-2001;4.8
6-3-2001;4.81
7-3-2001;4.83
8-3-2001;4.85
9-3-2001;4.85
12-3-2001;4.83
13-3-2001;4.81
14-3-2001;4.79
15-3-2001;4.78
16-3-2001;4.78
19-3-2001;4.79
20-3-2001;4.82
21-3-2001;4.83
22-3-2001;4.65
23-3-2001;4.44
26-3-2001;4.76
27-3-2001;4.76
28-3-2001;4.77
29-3-2001;4.77
30-3-2001;4.85
2-4-2001;4.78
3-4-2001;4.77
4-4-2001;4.77
5-4-2001;4.76
6-4-2001;4.75
9-4-2001;4.74
10-4-2001;4.84
11-4-2001;5.47
12-4-2001;5.73
17-4-2001;5.75
18-4-2001;5.56
19-4-2001;5.43
20-4-2001;5.5
23-4-2001;5.23
24-4-2001;4.79
25-4-2001;4.8
26-4-2001;4.81
27-4-2001;4.81
30-4-2001;4.93
2-5-2001;4.83
3-5-2001;4.82
4-5-2001;4.81
7-5-2001;4.81
8-5-2001;4.81
9-5-2001;4.8
10-5-2001;4.75
11-5-2001;4.58
14-5-2001;4.57
15-5-2001;4.57
16-5-2001;4.56
17-5-2001;4.56
18-5-2001;4.54
21-5-2001;4.53
22-5-2001;4.49
23-5-2001;4.86
24-5-2001;4.59
25-5-2001;4.59
28-5-2001;4.58
29-5-2001;4.57
30-5-2001;4.56
31-5-2001;4.6
1-6-2001;4.54
4-6-2001;4.53
5-6-2001;4.53
6-6-2001;4.52
7-6-2001;4.52
8-6-2001;4.53
11-6-2001;4.53
12-6-2001;4.53
13-6-2001;4.53
14-6-2001;4.52
15-6-2001;4.52
18-6-2001;4.53
19-6-2001;4.52
20-6-2001;4.52
21-6-2001;4.42
22-6-2001;4.61
25-6-2001;4.55
26-6-2001;4.55
27-6-2001;4.56
28-6-2001;4.55
29-6-2001;4.72
2-7-2001;4.54
3-7-2001;4.53
4-7-2001;4.53
5-7-2001;4.53
6-7-2001;4.53
9-7-2001;4.52
10-7-2001;4.52
11-7-2001;4.52
12-7-2001;4.52
13-7-2001;4.52
16-7-2001;4.52
17-7-2001;4.51
18-7-2001;4.51
19-7-2001;4.41
20-7-2001;4.33
23-7-2001;4.4
24-7-2001;4.52
25-7-2001;4.52
26-7-2001;4.52
27-7-2001;4.52
30-7-2001;4.52
31-7-2001;4.58
1-8-2001;4.51
2-8-2001;4.5
3-8-2001;4.52
6-8-2001;4.52
7-8-2001;4.52
8-8-2001;4.52
9-8-2001;4.52
10-8-2001;4.52
13-8-2001;4.51
14-8-2001;4.51
15-8-2001;4.51
16-8-2001;4.51
17-8-2001;4.51
20-8-2001;4.51
21-8-2001;4.51
22-8-2001;4.44
23-8-2001;4.5
24-8-2001;4.51
27-8-2001;4.49
28-8-2001;4.49
29-8-2001;4.42
30-8-2001;4.37
31-8-2001;4.38
3-9-2001;4.3
4-9-2001;4.3
5-9-2001;4.29
6-9-2001;4.29
7-9-2001;4.28
10-9-2001;4.28
11-9-2001;4.29
12-9-2001;4.42
13-9-2001;4.28
14-9-2001;4.23
17-9-2001;4.23
18-9-2001;3.76
19-9-2001;3.56
20-9-2001;3.13
21-9-2001;3.12
24-9-2001;3.78
25-9-2001;3.79
26-9-2001;3.79
27-9-2001;3.78
28-9-2001;3.83
1-10-2001;3.77
2-10-2001;3.76
3-10-2001;3.75
4-10-2001;3.74
5-10-2001;3.72
8-10-2001;3.72
9-10-2001;3.83
10-10-2001;3.94
11-10-2001;3.96
12-10-2001;3.98
15-10-2001;3.87
16-10-2001;3.91
17-10-2001;4.33
18-10-2001;4.4
19-10-2001;4.6
22-10-2001;4.69
23-10-2001;4.74
24-10-2001;3.76
25-10-2001;3.74
26-10-2001;3.77
29-10-2001;3.76
30-10-2001;3.76
31-10-2001;3.84
1-11-2001;3.77
2-11-2001;3.76
5-11-2001;3.76
6-11-2001;3.85
7-11-2001;3.88
8-11-2001;3.73
9-11-2001;3.86
12-11-2001;3.83
13-11-2001;3.68
14-11-2001;3.37
15-11-2001;3.3
16-11-2001;3.29
19-11-2001;3.25
20-11-2001;3.25
21-11-2001;3.35
22-11-2001;3.4
23-11-2001;3.28
26-11-2001;3.3
27-11-2001;3.3
28-11-2001;3.3
29-11-2001;3.3
30-11-2001;3.35
3-12-2001;3.29
4-12-2001;3.28
5-12-2001;3.26
6-12-2001;3.26
7-12-2001;3.27
10-12-2001;3.28
11-12-2001;3.29
12-12-2001;3.29
13-12-2001;3.3
14-12-2001;3.3
17-12-2001;3.3
18-12-2001;3.31
19-12-2001;3.32
20-12-2001;3.27
21-12-2001;3.05
24-12-2001;3.43
27-12-2001;3.69
28-12-2001;3.91
2-1-2002;3.35
3-1-2002;3.45
4-1-2002;3.45
7-1-2002;3.38
8-1-2002;3.35
9-1-2002;3.34
10-1-2002;3.34
11-1-2002;3.34
14-1-2002;3.33
15-1-2002;3.32
16-1-2002;3.33
17-1-2002;3.32
18-1-2002;3.31
21-1-2002;3.3
22-1-2002;3.03
23-1-2002;2.59
24-1-2002;3.31
25-1-2002;3.31
28-1-2002;3.32
29-1-2002;3.32
30-1-2002;3.32
31-1-2002;3.35
1-2-2002;3.32
4-2-2002;3.31
5-2-2002;3.3
6-2-2002;3.3
7-2-2002;3.3
8-2-2002;3.3
11-2-2002;3.3
12-2-2002;3.3
13-2-2002;3.3
14-2-2002;3.29
15-2-2002;3.29
18-2-2002;3.28
19-2-2002;3.27
20-2-2002;3.21
21-2-2002;3.08
22-2-2002;3.22
25-2-2002;3.31
26-2-2002;3.32
27-2-2002;3.32
28-2-2002;3.34
1-3-2002;3.31
4-3-2002;3.3
5-3-2002;3.29
6-3-2002;3.28
7-3-2002;3.28
8-3-2002;3.28
11-3-2002;3.28
12-3-2002;3.28
13-3-2002;3.28
14-3-2002;3.27
15-3-2002;3.25
18-3-2002;3.23
19-3-2002;3.19
20-3-2002;3.12
21-3-2002;2.99
22-3-2002;3.26
25-3-2002;3.33
26-3-2002;3.34
27-3-2002;3.33
28-3-2002;3.39
2-4-2002;3.31
3-4-2002;3.3
4-4-2002;3.3
5-4-2002;3.3
8-4-2002;3.29
9-4-2002;3.29
10-4-2002;3.29
11-4-2002;3.29
12-4-2002;3.28
15-4-2002;3.27
16-4-2002;3.26
17-4-2002;3.2
18-4-2002;3.19
19-4-2002;3.27
22-4-2002;3.33
23-4-2002;3.9
24-4-2002;3.31
25-4-2002;3.3
26-4-2002;3.3
29-4-2002;3.3
30-4-2002;3.36
2-5-2002;3.31
3-5-2002;3.3
6-5-2002;3.3
7-5-2002;3.31
8-5-2002;3.3
9-5-2002;3.3
10-5-2002;3.3
13-5-2002;3.3
14-5-2002;3.3
15-5-2002;3.3
16-5-2002;3.29
17-5-2002;3.27
20-5-2002;3.26
21-5-2002;3.25
22-5-2002;3.33
23-5-2002;3.32
24-5-2002;3.35
27-5-2002;3.35
28-5-2002;3.34
29-5-2002;3.34
30-5-2002;3.34
31-5-2002;3.36
3-6-2002;3.34
4-6-2002;3.33
5-6-2002;3.33
6-6-2002;3.33
7-6-2002;3.33
10-6-2002;3.33
11-6-2002;3.32
12-6-2002;3.32
13-6-2002;3.31
14-6-2002;3.31
17-6-2002;3.31
18-6-2002;3.3
19-6-2002;3.3
20-6-2002;3.32
21-6-2002;3.58
24-6-2002;3.35
25-6-2002;3.36
26-6-2002;3.36
27-6-2002;3.35
28-6-2002;3.49
1-7-2002;3.34
2-7-2002;3.33
3-7-2002;3.32
4-7-2002;3.32
5-7-2002;3.32
8-7-2002;3.31
9-7-2002;3.3
10-7-2002;3.3
11-7-2002;3.3
12-7-2002;3.3
15-7-2002;3.3
16-7-2002;3.29
17-7-2002;3.28
18-7-2002;3.21
19-7-2002;3.23
22-7-2002;3.31
23-7-2002;3.31
24-7-2002;3.32
25-7-2002;3.31
26-7-2002;3.3
29-7-2002;3.3
30-7-2002;3.3
31-7-2002;3.34
1-8-2002;3.3
2-8-2002;3.3
5-8-2002;3.3
6-8-2002;3.29
7-8-2002;3.29
8-8-2002;3.29
9-8-2002;3.29
12-8-2002;3.29
13-8-2002;3.29
14-8-2002;3.29
15-8-2002;3.28
16-8-2002;3.28
19-8-2002;3.29
20-8-2002;3.29
21-8-2002;3.29
22-8-2002;3.29
23-8-2002;3.29
26-8-2002;3.29
27-8-2002;3.29
28-8-2002;3.29
29-8-2002;3.29
30-8-2002;3.34
2-9-2002;3.29
3-9-2002;3.29
4-9-2002;3.29
5-9-2002;3.29
6-9-2002;3.28
9-9-2002;3.28
10-9-2002;3.29
11-9-2002;3.29
12-9-2002;3.29
13-9-2002;3.29
16-9-2002;3.29
17-9-2002;3.29
18-9-2002;3.29
19-9-2002;3.29
20-9-2002;3.36
23-9-2002;3.63
24-9-2002;3.31
25-9-2002;3.31
26-9-2002;3.31
27-9-2002;3.31
30-9-2002;3.42
1-10-2002;3.3
2-10-2002;3.3
3-10-2002;3.29
4-10-2002;3.29
7-10-2002;3.29
8-10-2002;3.29
9-10-2002;3.29
10-10-2002;3.29
11-10-2002;3.29
14-10-2002;3.29
15-10-2002;3.29
16-10-2002;3.29
17-10-2002;3.29
18-10-2002;3.29
21-10-2002;3.35
22-10-2002;3.37
23-10-2002;3.32
24-10-2002;3.29
25-10-2002;3.29
28-10-2002;3.29
29-10-2002;3.29
30-10-2002;3.29
31-10-2002;3.34
1-11-2002;3.3
4-11-2002;3.29
5-11-2002;3.29
6-11-2002;3.28
7-11-2002;3.25
8-11-2002;3.29
11-11-2002;3.29
12-11-2002;3.29
13-11-2002;3.29
14-11-2002;3.29
15-11-2002;3.29
18-11-2002;3.29
19-11-2002;3.29
20-11-2002;3.29
21-11-2002;3.3
22-11-2002;3.49
25-11-2002;3.3
26-11-2002;3.3
27-11-2002;3.3
28-11-2002;3.3
29-11-2002;3.38
2-12-2002;3.36
3-12-2002;3.32
4-12-2002;3.01
5-12-2002;2.94
6-12-2002;2.9
9-12-2002;2.89
10-12-2002;2.89
11-12-2002;2.88
12-12-2002;2.88
13-12-2002;2.89
16-12-2002;2.89
17-12-2002;2.97
18-12-2002;2.97
19-12-2002;3.35
20-12-2002;3.5
23-12-2002;3.7
24-12-2002;3.05
27-12-2002;3.03
30-12-2002;3.03
31-12-2002;3.44
2-1-2003;2.9
3-1-2003;2.89
6-1-2003;2.88
7-1-2003;2.86
8-1-2003;2.84
9-1-2003;2.83
10-1-2003;2.82
13-1-2003;2.82
14-1-2003;2.82
15-1-2003;2.82
16-1-2003;2.82
17-1-2003;2.81
20-1-2003;2.81
21-1-2003;2.81
22-1-2003;2.57
23-1-2003;2.12
24-1-2003;2.81
27-1-2003;2.81
28-1-2003;2.81
29-1-2003;2.8
30-1-2003;2.8
31-1-2003;2.86
3-2-2003;2.8
4-2-2003;2.8
5-2-2003;2.79
6-2-2003;2.79
7-2-2003;2.78
10-2-2003;2.78
11-2-2003;2.78
12-2-2003;2.78
13-2-2003;2.78
14-2-2003;2.78
17-2-2003;2.78
18-2-2003;2.79
19-2-2003;2.79
20-2-2003;2.77
21-2-2003;2.39
24-2-2003;2.78
25-2-2003;2.77
26-2-2003;2.77
27-2-2003;2.75
28-2-2003;2.82
3-3-2003;2.97
4-3-2003;3.36
5-3-2003;3.11
6-3-2003;2.97
7-3-2003;3.17
10-3-2003;3.19
11-3-2003;2.84
12-3-2003;2.65
13-3-2003;2.61
14-3-2003;2.61
17-3-2003;2.6
18-3-2003;2.59
19-3-2003;2.51
20-3-2003;2.37
21-3-2003;2.72
24-3-2003;2.56
25-3-2003;2.56
26-3-2003;2.56
27-3-2003;2.56
28-3-2003;2.56
31-3-2003;2.66
1-4-2003;2.55
2-4-2003;2.54
3-4-2003;2.54
4-4-2003;2.54
7-4-2003;2.54
8-4-2003;2.54
9-4-2003;2.54
10-4-2003;2.54
11-4-2003;2.54
14-4-2003;2.54
15-4-2003;2.54
16-4-2003;2.55
17-4-2003;2.64
22-4-2003;2.65
23-4-2003;2.58
24-4-2003;2.55
25-4-2003;2.55
28-4-2003;2.55
29-4-2003;2.55
30-4-2003;2.64
2-5-2003;2.55
5-5-2003;2.55
6-5-2003;2.55
7-5-2003;2.55
8-5-2003;2.54
9-5-2003;2.55
12-5-2003;2.55
13-5-2003;2.55
14-5-2003;2.55
15-5-2003;2.56
16-5-2003;2.56
19-5-2003;2.56
20-5-2003;2.59
21-5-2003;2.73
22-5-2003;2.57
23-5-2003;2.21
26-5-2003;2.56
27-5-2003;2.58
28-5-2003;2.59
29-5-2003;2.6
30-5-2003;2.65
2-6-2003;2.65
3-6-2003;2.68
4-6-2003;2.37
5-6-2003;2.19
6-6-2003;2.15
9-6-2003;2.14
10-6-2003;2.13
11-6-2003;2.14
12-6-2003;2.14
13-6-2003;2.14
16-6-2003;2.14
17-6-2003;2.13
18-6-2003;2.13
19-6-2003;2.2
20-6-2003;2.16
23-6-2003;2.11
24-6-2003;2.12
25-6-2003;2.12
26-6-2003;2.12
27-6-2003;2.14
30-6-2003;2.38
1-7-2003;2.12
2-7-2003;2.12
3-7-2003;2.12
4-7-2003;2.12
7-7-2003;2.11
8-7-2003;2.1
9-7-2003;2.1
10-7-2003;2.1
11-7-2003;2.09
14-7-2003;2.09
15-7-2003;2.09
16-7-2003;2.09
17-7-2003;2.09
18-7-2003;2.08
21-7-2003;2.08
22-7-2003;2.09
23-7-2003;1.83
24-7-2003;2.06
25-7-2003;2.05
28-7-2003;2.04
29-7-2003;2.05
30-7-2003;2.07
31-7-2003;2.11
1-8-2003;2.08
4-8-2003;2.07
5-8-2003;2.07
6-8-2003;2.06
7-8-2003;2.06
8-8-2003;2.06
11-8-2003;2.06
12-8-2003;2.06
13-8-2003;2.06
14-8-2003;2.06
15-8-2003;2.07
18-8-2003;2.07
19-8-2003;2.07
20-8-2003;2.09
21-8-2003;2.15
22-8-2003;2.45
25-8-2003;2.1
26-8-2003;2.1
27-8-2003;2.09
28-8-2003;2.09
29-8-2003;2.14
1-9-2003;2.09
2-9-2003;2.09
3-9-2003;2.09
4-9-2003;2.08
5-9-2003;2.08
8-9-2003;2.08
9-9-2003;2.08
10-9-2003;2.08
11-9-2003;2.08
12-9-2003;2.08
15-9-2003;2.08
16-9-2003;2.08
17-9-2003;2.07
18-9-2003;2.04
19-9-2003;1.93
22-9-2003;1.74
23-9-2003;1.34
24-9-2003;2.07
25-9-2003;2.06
26-9-2003;2.06
29-9-2003;2.06
30-9-2003;2.1
1-10-2003;2.06
2-10-2003;2.06
3-10-2003;2.06
6-10-2003;2.06
7-10-2003;2.06
8-10-2003;2.06
9-10-2003;2.06
10-10-2003;2.06
13-10-2003;2.06
14-10-2003;2.05
15-10-2003;2.05
16-10-2003;2.05
17-10-2003;2.01
20-10-2003;1.91
21-10-2003;1.99
22-10-2003;1.96
23-10-2003;1.44
24-10-2003;2.05
27-10-2003;2.05
28-10-2003;2.05
29-10-2003;2.05
30-10-2003;2.06
31-10-2003;2.08
3-11-2003;2.05
4-11-2003;2.05
5-11-2003;2.05
6-11-2003;2.05
7-11-2003;2.05
10-11-2003;2.05
11-11-2003;2.04
12-11-2003;2.04
13-11-2003;2.02
14-11-2003;1.92
17-11-2003;2
18-11-2003;1.99
19-11-2003;1.79
20-11-2003;1.54
21-11-2003;1.46
24-11-2003;2.04
25-11-2003;2.06
26-11-2003;2.08
27-11-2003;2.09
28-11-2003;2.09
1-12-2003;2.05
2-12-2003;2.05
3-12-2003;2.04
4-12-2003;2.04
5-12-2003;2.04
8-12-2003;2.03
9-12-2003;2.03
10-12-2003;2.04
11-12-2003;2.04
12-12-2003;2.05
15-12-2003;2.04
16-12-2003;2.03
17-12-2003;1.88
18-12-2003;1.71
19-12-2003;1.62
22-12-2003;1.89
23-12-2003;2.46
24-12-2003;2.28
29-12-2003;2.33
30-12-2003;2.22
31-12-2003;2.32
2-1-2004;2.06
5-1-2004;2.05
6-1-2004;2.04
7-1-2004;2.04
8-1-2004;2.04
9-1-2004;2.04
12-1-2004;2.04
13-1-2004;2.04
14-1-2004;2.02
15-1-2004;1.94
16-1-2004;1.95
19-1-2004;1.99
20-1-2004;2
21-1-2004;2.04
22-1-2004;1.98
23-1-2004;1.92
26-1-2004;2.05
27-1-2004;2.05
28-1-2004;2.05
29-1-2004;2.05
30-1-2004;2.06
2-2-2004;2.04
3-2-2004;2.03
4-2-2004;2.03
5-2-2004;2.03
6-2-2004;2.02
9-2-2004;2.02
10-2-2004;2.02
11-2-2004;2.02
12-2-2004;2.02
13-2-2004;2.02
16-2-2004;2.02
17-2-2004;2.02
18-2-2004;2.02
19-2-2004;2.02
20-2-2004;2.04
23-2-2004;2.05
24-2-2004;2.05
25-2-2004;2.05
26-2-2004;2.05
27-2-2004;2.06
1-3-2004;2.04
2-3-2004;2.03
3-3-2004;1.99
4-3-2004;1.88
5-3-2004;1.84
8-3-2004;1.9
9-3-2004;1.99
10-3-2004;2.02
11-3-2004;2.02
12-3-2004;2.02
15-3-2004;2.02
16-3-2004;2.01
17-3-2004;2.01
18-3-2004;2
19-3-2004;2
22-3-2004;2.01
23-3-2004;2.03
24-3-2004;2.05
25-3-2004;2.05
26-3-2004;2.05
29-3-2004;2.06
30-3-2004;2.05
31-3-2004;2.06
1-4-2004;2.02
2-4-2004;2.02
5-4-2004;2.26
6-4-2004;2.75
7-4-2004;2.04
8-4-2004;2.04
13-4-2004;2.04
14-4-2004;2.03
15-4-2004;2.03
16-4-2004;2.03
19-4-2004;2.02
20-4-2004;2.02
21-4-2004;2.02
22-4-2004;2.02
23-4-2004;2.02
26-4-2004;2.03
27-4-2004;2.03
28-4-2004;2.04
29-4-2004;2.04
30-4-2004;2.06
3-5-2004;2.04
4-5-2004;2.04
5-5-2004;2.04
6-5-2004;2.03
7-5-2004;1.83
10-5-2004;1.84
11-5-2004;2.07
12-5-2004;2.03
13-5-2004;2.03
14-5-2004;2.03
17-5-2004;2.03
18-5-2004;2.03
19-5-2004;2.02
20-5-2004;2.02
21-5-2004;2.03
24-5-2004;2.03
25-5-2004;2.03
26-5-2004;2.03
27-5-2004;2.03
28-5-2004;2.04
31-5-2004;2.05
1-6-2004;2.04
2-6-2004;2.04
3-6-2004;2.09
4-6-2004;2.12
7-6-2004;1.98
8-6-2004;1.72
9-6-2004;2.03
10-6-2004;2.03
11-6-2004;2.03
14-6-2004;2.03
15-6-2004;2.03
16-6-2004;2.03
17-6-2004;2.03
18-6-2004;2.03
21-6-2004;2.03
22-6-2004;2.03
23-6-2004;2.03
24-6-2004;2.03
25-6-2004;2.04
28-6-2004;2.04
29-6-2004;2.05
30-6-2004;2.13
1-7-2004;2.04
2-7-2004;2.04
5-7-2004;2.11
6-7-2004;2.53
7-7-2004;2.04
8-7-2004;2.04
9-7-2004;2.04
12-7-2004;2.04
13-7-2004;2.04
14-7-2004;2.04
15-7-2004;2.04
16-7-2004;2.04
19-7-2004;2.04
20-7-2004;2.04
21-7-2004;2.04
22-7-2004;2.04
23-7-2004;2.04
26-7-2004;2.04
27-7-2004;2.04
28-7-2004;2.04
29-7-2004;2.05
30-7-2004;2.08
2-8-2004;2.05
3-8-2004;2.05
4-8-2004;2.05
5-8-2004;2.03
6-8-2004;1.93
9-8-2004;2
10-8-2004;2.16
11-8-2004;2.04
12-8-2004;2.04
13-8-2004;2.04
16-8-2004;2.04
17-8-2004;2.04
18-8-2004;2.04
19-8-2004;2.04
20-8-2004;2.04
23-8-2004;2.04
24-8-2004;2.04
25-8-2004;2.04
26-8-2004;2.04
27-8-2004;2.04
30-8-2004;2.04
31-8-2004;2.06
1-9-2004;2.04
2-9-2004;2.02
3-9-2004;2.01
6-9-2004;2.16
7-9-2004;2.17
8-9-2004;2.05
9-9-2004;2.04
10-9-2004;2.04
13-9-2004;2.04
14-9-2004;2.04
15-9-2004;2.04
16-9-2004;2.04
17-9-2004;2.04
20-9-2004;2.04
21-9-2004;2.04
22-9-2004;2.04
23-9-2004;2.04
24-9-2004;2.04
27-9-2004;2.04
28-9-2004;2.04
29-9-2004;2.04
30-9-2004;2.09
1-10-2004;2.05
4-10-2004;2.05
5-10-2004;2.1
6-10-2004;2.13
7-10-2004;2.12
8-10-2004;2.33
11-10-2004;2.77
12-10-2004;2.05
13-10-2004;2.05
14-10-2004;2.05
15-10-2004;2.06
18-10-2004;2.06
19-10-2004;2.06
20-10-2004;2.05
21-10-2004;2.05
22-10-2004;2.05
25-10-2004;2.05
26-10-2004;2.05
27-10-2004;2.06
28-10-2004;2.06
29-10-2004;2.09
1-11-2004;2.06
2-11-2004;2.06
3-11-2004;2.13
4-11-2004;2.24
5-11-2004;2.12
8-11-2004;2.02
9-11-2004;2.06
10-11-2004;2.07
11-11-2004;2.07
12-11-2004;2.08
15-11-2004;2.08
16-11-2004;2.08
17-11-2004;2.08
18-11-2004;2.07
19-11-2004;2.07
22-11-2004;2.08
23-11-2004;2.08
24-11-2004;2.08
25-11-2004;2.08
26-11-2004;2.08
29-11-2004;2.08
30-11-2004;2.1
1-12-2004;2.05
2-12-2004;1.89
3-12-2004;1.82
6-12-2004;1.83
7-12-2004;1.98
8-12-2004;2.07
9-12-2004;2.08
10-12-2004;2.09
13-12-2004;2.1
14-12-2004;2.1
15-12-2004;2.09
16-12-2004;2.08
17-12-2004;2.08
20-12-2004;2.08
21-12-2004;2.09
22-12-2004;2.08
23-12-2004;2.08
24-12-2004;2.08
27-12-2004;2.08
28-12-2004;2.08
29-12-2004;2.08
30-12-2004;2.11
31-12-2004;2.21
3-1-2005;2.09
4-1-2005;2.09
5-1-2005;2.08
6-1-2005;2.08
7-1-2005;2.08
10-1-2005;2.09
11-1-2005;2.09
12-1-2005;2.08
13-1-2005;1.98
14-1-2005;1.97
17-1-2005;2.12
18-1-2005;2.14
19-1-2005;2.08
20-1-2005;2.08
21-1-2005;2.08
24-1-2005;2.08
25-1-2005;2.08
26-1-2005;2.08
27-1-2005;2.08
28-1-2005;2.08
31-1-2005;2.09
1-2-2005;2.07
2-2-2005;2.01
3-2-2005;2.05
4-2-2005;2.04
7-2-2005;2.03
8-2-2005;2.07
9-2-2005;2.07
10-2-2005;2.07
11-2-2005;2.07
14-2-2005;2.07
15-2-2005;2.07
16-2-2005;2.06
17-2-2005;2.06
18-2-2005;2.06
21-2-2005;2.06
22-2-2005;2.06
23-2-2005;2.06
24-2-2005;2.06
25-2-2005;2.06
28-2-2005;2.07
1-3-2005;2.06
2-3-2005;2.06
3-3-2005;2.05
4-3-2005;2.02
7-3-2005;1.98
8-3-2005;2.01
9-3-2005;2.06
10-3-2005;2.06
11-3-2005;2.06
14-3-2005;2.06
15-3-2005;2.06
16-3-2005;2.06
17-3-2005;2.06
18-3-2005;2.06
21-3-2005;2.06
22-3-2005;2.07
23-3-2005;2.07
24-3-2005;2.07
29-3-2005;2.07
30-3-2005;2.07
31-3-2005;2.12
1-4-2005;2.07
4-4-2005;2.07
5-4-2005;2.07
6-4-2005;2.07
7-4-2005;2.07
8-4-2005;2.06
11-4-2005;2.09
12-4-2005;2.18
13-4-2005;2.07
14-4-2005;2.07
15-4-2005;2.07
18-4-2005;2.07
19-4-2005;2.07
20-4-2005;2.06
21-4-2005;2.06
22-4-2005;2.06
25-4-2005;2.07
26-4-2005;2.07
27-4-2005;2.07
28-4-2005;2.08
29-4-2005;2.09
2-5-2005;2.07
3-5-2005;2.07
4-5-2005;2.08
5-5-2005;2.09
6-5-2005;2.06
9-5-2005;2.05
10-5-2005;1.99
11-5-2005;2.07
12-5-2005;2.07
13-5-2005;2.07
16-5-2005;2.07
17-5-2005;2.07
18-5-2005;2.07
19-5-2005;2.07
20-5-2005;2.07
23-5-2005;2.07
24-5-2005;2.08
25-5-2005;2.08
26-5-2005;2.08
27-5-2005;2.08
30-5-2005;2.08
31-5-2005;2.1
1-6-2005;2.08
2-6-2005;2.07
3-6-2005;2.04
6-6-2005;1.98
7-6-2005;1.78
8-6-2005;2.08
9-6-2005;2.08
10-6-2005;2.08
13-6-2005;2.08
14-6-2005;2.08
15-6-2005;2.07
16-6-2005;2.07
17-6-2005;2.07
20-6-2005;2.07
21-6-2005;2.07
22-6-2005;2.07
23-6-2005;2.07
24-6-2005;2.08
27-6-2005;2.09
28-6-2005;2.09
29-6-2005;2.1
30-6-2005;2.17
1-7-2005;2.08
4-7-2005;2.08
5-7-2005;2.08
6-7-2005;2.08
7-7-2005;2.11
8-7-2005;2.03
11-7-2005;1.97
12-7-2005;2.06
13-7-2005;2.08
14-7-2005;2.08
15-7-2005;2.08
18-7-2005;2.08
19-7-2005;2.08
20-7-2005;2.07
21-7-2005;2.07
22-7-2005;2.07
25-7-2005;2.08
26-7-2005;2.08
27-7-2005;2.08
28-7-2005;2.08
29-7-2005;2.11
1-8-2005;2.08
2-8-2005;2.08
3-8-2005;2.08
4-8-2005;2.09
5-8-2005;2.09
8-8-2005;2.07
9-8-2005;1.63
10-8-2005;2.08
11-8-2005;2.08
12-8-2005;2.08
15-8-2005;2.08
16-8-2005;2.08
17-8-2005;2.08
18-8-2005;2.08
19-8-2005;2.08
22-8-2005;2.08
23-8-2005;2.08
24-8-2005;2.08
25-8-2005;2.08
26-8-2005;2.08
29-8-2005;2.08
30-8-2005;2.07
31-8-2005;2.09
1-9-2005;2.08
2-9-2005;2.09
5-9-2005;2.17
6-9-2005;2.18
7-9-2005;2.08
8-9-2005;2.08
9-9-2005;2.08
12-9-2005;2.08
13-9-2005;2.08
14-9-2005;2.08
15-9-2005;2.08
16-9-2005;2.08
19-9-2005;2.08
20-9-2005;2.08
21-9-2005;2.08
22-9-2005;2.08
23-9-2005;2.08
26-9-2005;2.08
27-9-2005;2.09
28-9-2005;2.09
29-9-2005;2.1
30-9-2005;2.15
3-10-2005;2.09
4-10-2005;2.09
5-10-2005;2.1
6-10-2005;2.1
7-10-2005;2.02
10-10-2005;1.96
11-10-2005;1.93
12-10-2005;2.08
13-10-2005;2.08
14-10-2005;2.08
17-10-2005;2.08
18-10-2005;2.08
19-10-2005;2.08
20-10-2005;2.08
21-10-2005;2.08
24-10-2005;2.08
25-10-2005;2.08
26-10-2005;2.08
27-10-2005;2.08
28-10-2005;2.07
31-10-2005;2.09
1-11-2005;2.07
2-11-2005;2.07
3-11-2005;2.07
4-11-2005;2.09
7-11-2005;2.09
8-11-2005;1.87
9-11-2005;2.08
10-11-2005;2.08
11-11-2005;2.08
14-11-2005;2.08
15-11-2005;2.08
16-11-2005;2.08
17-11-2005;2.08
18-11-2005;2.08
21-11-2005;2.11
22-11-2005;2.16
23-11-2005;2.19
24-11-2005;2.16
25-11-2005;2.11
28-11-2005;2.11
29-11-2005;2.09
30-11-2005;2.06
1-12-2005;2.04
2-12-2005;1.8
5-12-2005;1.85
6-12-2005;2.32
7-12-2005;2.32
8-12-2005;2.32
9-12-2005;2.32
12-12-2005;2.32
13-12-2005;2.32
14-12-2005;2.32
15-12-2005;2.32
16-12-2005;2.33
19-12-2005;2.33
20-12-2005;2.33
21-12-2005;2.34
22-12-2005;2.4
23-12-2005;2.35
27-12-2005;2.35
28-12-2005;2.35
29-12-2005;2.34
30-12-2005;2.42
2-1-2006;2.35
3-1-2006;2.34
4-1-2006;2.34
5-1-2006;2.34
6-1-2006;2.34
9-1-2006;2.34
10-1-2006;2.34
11-1-2006;2.34
12-1-2006;2.32
13-1-2006;2.21
16-1-2006;2.31
17-1-2006;2.3
18-1-2006;2.33
19-1-2006;2.33
20-1-2006;2.33
23-1-2006;2.33
24-1-2006;2.33
25-1-2006;2.33
26-1-2006;2.33
27-1-2006;2.33
30-1-2006;2.33
31-1-2006;2.34
1-2-2006;2.33
2-2-2006;2.34
3-2-2006;2.4
6-2-2006;2.38
7-2-2006;2.34
8-2-2006;2.34
9-2-2006;2.34
10-2-2006;2.34
13-2-2006;2.34
14-2-2006;2.34
15-2-2006;2.34
16-2-2006;2.34
17-2-2006;2.34
20-2-2006;2.34
21-2-2006;2.34
22-2-2006;2.34
23-2-2006;2.35
24-2-2006;2.35
27-2-2006;2.36
28-2-2006;2.4
1-3-2006;2.37
2-3-2006;2.38
3-3-2006;2.35
6-3-2006;2.29
7-3-2006;2.08
8-3-2006;2.58
9-3-2006;2.58
10-3-2006;2.58
13-3-2006;2.58
14-3-2006;2.58
15-3-2006;2.58
16-3-2006;2.58
17-3-2006;2.58
20-3-2006;2.58
21-3-2006;2.58
22-3-2006;2.58
23-3-2006;2.58
24-3-2006;2.58
27-3-2006;2.58
28-3-2006;2.58
29-3-2006;2.58
30-3-2006;2.59
31-3-2006;2.62
3-4-2006;2.59
4-4-2006;2.59
5-4-2006;2.61
6-4-2006;2.67
7-4-2006;2.69
10-4-2006;2.71
11-4-2006;2.63
12-4-2006;2.6
13-4-2006;2.61
18-4-2006;2.61
19-4-2006;2.61
20-4-2006;2.62
21-4-2006;2.62
24-4-2006;2.62
25-4-2006;2.63
26-4-2006;2.63
27-4-2006;2.62
28-4-2006;2.65
2-5-2006;2.62
3-5-2006;2.59
4-5-2006;2.49
5-5-2006;2.39
8-5-2006;2.43
9-5-2006;2.52
10-5-2006;2.6
11-5-2006;2.61
12-5-2006;2.61
15-5-2006;2.61
16-5-2006;2.6
17-5-2006;2.6
18-5-2006;2.6
19-5-2006;2.6
22-5-2006;2.6
23-5-2006;2.6
24-5-2006;2.6
25-5-2006;2.6
26-5-2006;2.6
29-5-2006;2.6
30-5-2006;2.6
31-5-2006;2.62
1-6-2006;2.6
2-6-2006;2.59
5-6-2006;2.57
6-6-2006;2.55
7-6-2006;2.47
8-6-2006;2.47
9-6-2006;2.48
12-6-2006;2.5
13-6-2006;2.52
14-6-2006;2.5
15-6-2006;2.84
16-6-2006;2.84
19-6-2006;2.84
20-6-2006;2.84
21-6-2006;2.84
22-6-2006;2.83
23-6-2006;2.83
26-6-2006;2.83
27-6-2006;2.84
28-6-2006;2.84
29-6-2006;2.84
30-6-2006;2.89
3-7-2006;2.83
4-7-2006;2.82
5-7-2006;2.81
6-7-2006;2.8
7-7-2006;2.78
10-7-2006;2.78
11-7-2006;2.76
12-7-2006;2.83
13-7-2006;2.83
14-7-2006;2.83
17-7-2006;2.83
18-7-2006;2.83
19-7-2006;2.83
20-7-2006;2.83
21-7-2006;2.83
24-7-2006;2.83
25-7-2006;2.83
26-7-2006;2.82
27-7-2006;2.81
28-7-2006;2.78
31-7-2006;2.8
1-8-2006;2.78
2-8-2006;2.77
3-8-2006;2.75
4-8-2006;2.7
7-8-2006;2.68
8-8-2006;2.73
9-8-2006;3.07
10-8-2006;3.07
11-8-2006;3.07
14-8-2006;3.07
15-8-2006;3.07
16-8-2006;3.07
17-8-2006;3.07
18-8-2006;3.07
21-8-2006;3.07
22-8-2006;3.06
23-8-2006;3.05
24-8-2006;3.03
25-8-2006;3.01
28-8-2006;3.01
29-8-2006;3.01
30-8-2006;3.02
31-8-2006;3.04
1-9-2006;3.01
4-9-2006;2.98
5-9-2006;3.04
6-9-2006;3.06
7-9-2006;3.06
8-9-2006;3.06
11-9-2006;3.06
12-9-2006;3.06
13-9-2006;3.05
14-9-2006;3.05
15-9-2006;3.05
18-9-2006;3.05
19-9-2006;3.04
20-9-2006;3.04
21-9-2006;3.02
22-9-2006;3.01
25-9-2006;3.01
26-9-2006;3.02
27-9-2006;3.04
28-9-2006;3.05
29-9-2006;3.1
2-10-2006;3.06
3-10-2006;3.1
4-10-2006;3.19
5-10-2006;3.24
6-10-2006;3.25
9-10-2006;3.19
10-10-2006;3.09
11-10-2006;3.31
12-10-2006;3.31
13-10-2006;3.31
16-10-2006;3.32
17-10-2006;3.32
18-10-2006;3.32
19-10-2006;3.33
20-10-2006;3.33
23-10-2006;3.33
24-10-2006;3.34
25-10-2006;3.34
26-10-2006;3.35
27-10-2006;3.35
30-10-2006;3.36
31-10-2006;3.38
1-11-2006;3.33
2-11-2006;3.36
3-11-2006;3.35
6-11-2006;3.33
7-11-2006;3.32
8-11-2006;3.33
9-11-2006;3.33
10-11-2006;3.33
13-11-2006;3.33
14-11-2006;3.33
15-11-2006;3.33
16-11-2006;3.32
17-11-2006;3.32
20-11-2006;3.32
21-11-2006;3.32
22-11-2006;3.32
23-11-2006;3.32
24-11-2006;3.32
27-11-2006;3.32
28-11-2006;3.32
29-11-2006;3.32
30-11-2006;3.34
1-12-2006;3.32
4-12-2006;3.32
5-12-2006;3.32
6-12-2006;3.31
7-12-2006;3.28
8-12-2006;3.29
11-12-2006;3.35
12-12-2006;3.36
13-12-2006;3.57
14-12-2006;3.58
15-12-2006;3.59
18-12-2006;3.6
19-12-2006;3.61
20-12-2006;3.63
21-12-2006;3.67
22-12-2006;3.67
27-12-2006;3.69
28-12-2006;3.67
29-12-2006;3.69
2-1-2007;3.6
3-1-2007;3.6
4-1-2007;3.6
5-1-2007;3.59
8-1-2007;3.58
9-1-2007;3.56
10-1-2007;3.53
11-1-2007;3.52
12-1-2007;3.5
15-1-2007;3.52
16-1-2007;3.5
17-1-2007;3.57
18-1-2007;3.57
19-1-2007;3.57
22-1-2007;3.57
23-1-2007;3.57
24-1-2007;3.57
25-1-2007;3.57
26-1-2007;3.57
29-1-2007;3.57
30-1-2007;3.57
31-1-2007;3.59
1-2-2007;3.57
2-2-2007;3.56
5-2-2007;3.56
6-2-2007;3.55
7-2-2007;3.53
8-2-2007;3.53
9-2-2007;3.54
12-2-2007;3.55
13-2-2007;3.71
14-2-2007;3.57
15-2-2007;3.57
16-2-2007;3.57
19-2-2007;3.57
20-2-2007;3.57
21-2-2007;3.57
22-2-2007;3.57
23-2-2007;3.57
26-2-2007;3.57
27-2-2007;3.56
28-2-2007;3.6
1-3-2007;3.57
2-3-2007;3.57
5-3-2007;3.56
6-3-2007;3.56
7-3-2007;3.55
8-3-2007;3.54
9-3-2007;3.52
12-3-2007;3.52
13-3-2007;3.11
14-3-2007;3.82
15-3-2007;3.82
16-3-2007;3.82
19-3-2007;3.82
20-3-2007;3.82
21-3-2007;3.81
22-3-2007;3.81
23-3-2007;3.81
26-3-2007;3.81
27-3-2007;3.81
28-3-2007;3.82
29-3-2007;3.83
30-3-2007;3.9
2-4-2007;3.83
3-4-2007;3.84
4-4-2007;3.84
5-4-2007;3.86
10-4-2007;3.83
11-4-2007;3.83
12-4-2007;3.82
13-4-2007;3.73
16-4-2007;3.69
17-4-2007;3.79
18-4-2007;3.83
19-4-2007;3.83
20-4-2007;3.83
23-4-2007;3.83
24-4-2007;3.83
25-4-2007;3.83
26-4-2007;3.83
27-4-2007;3.83
30-4-2007;3.87
2-5-2007;3.84
3-5-2007;3.84
4-5-2007;3.83
7-5-2007;3.83
8-5-2007;3.81
9-5-2007;3.7
10-5-2007;3.67
11-5-2007;3.68
14-5-2007;3.39
15-5-2007;3.83
16-5-2007;3.83
17-5-2007;3.83
18-5-2007;3.83
21-5-2007;3.83
22-5-2007;3.83
23-5-2007;3.83
24-5-2007;3.83
25-5-2007;3.83
28-5-2007;3.83
29-5-2007;3.83
30-5-2007;3.82
31-5-2007;3.85
1-6-2007;3.8
4-6-2007;3.76
5-6-2007;3.73
6-6-2007;3.68
7-6-2007;3.69
8-6-2007;3.82
11-6-2007;3.81
12-6-2007;3.79
13-6-2007;4.08
14-6-2007;4.08
15-6-2007;4.07
18-6-2007;4.07
19-6-2007;4.07
20-6-2007;4.06
21-6-2007;4.06
22-6-2007;4.06
25-6-2007;4.07
26-6-2007;4.07
27-6-2007;4.08
28-6-2007;4.08
29-6-2007;4.14
2-7-2007;4.07
3-7-2007;4.04
4-7-2007;4.01
5-7-2007;4.05
6-7-2007;4.06
9-7-2007;4.06
10-7-2007;4.07
11-7-2007;4.07
12-7-2007;4.07
13-7-2007;4.07
16-7-2007;4.07
17-7-2007;4.07
18-7-2007;4.07
19-7-2007;4.07
20-7-2007;4.07
23-7-2007;4.07
24-7-2007;4.07
25-7-2007;4.07
26-7-2007;4.07
27-7-2007;4.06
30-7-2007;4.05
31-7-2007;4.08
1-8-2007;4.05
2-8-2007;4.04
3-8-2007;4.05
6-8-2007;4.07
7-8-2007;4.23
8-8-2007;4.09
9-8-2007;4.22
10-8-2007;4.14
13-8-2007;4.1
14-8-2007;4.05
15-8-2007;4.01
16-8-2007;4
17-8-2007;4
20-8-2007;4.02
21-8-2007;4.02
22-8-2007;4.03
23-8-2007;4.03
24-8-2007;3.93
27-8-2007;3.82
28-8-2007;3.72
29-8-2007;4.05
30-8-2007;4.13
31-8-2007;4.29
3-9-2007;4.272
4-9-2007;4.458
5-9-2007;4.588
6-9-2007;4.05
7-9-2007;3.816
10-9-2007;3.538
11-9-2007;3.865
12-9-2007;4.113
13-9-2007;3.956
14-9-2007;3.662
17-9-2007;3.573
18-9-2007;3.618
19-9-2007;4.095
20-9-2007;4.007
21-9-2007;4.041
24-9-2007;4.109
25-9-2007;4.218
26-9-2007;4.293
27-9-2007;4.137
28-9-2007;4.162
1-10-2007;3.858
2-10-2007;3.829
3-10-2007;3.845
4-10-2007;3.811
5-10-2007;3.673
8-10-2007;3.621
9-10-2007;3.945
10-10-2007;3.946
11-10-2007;3.818
12-10-2007;3.83
15-10-2007;3.99
16-10-2007;4.008
17-10-2007;4.029
18-10-2007;4.039
19-10-2007;4.03
22-10-2007;4.033
23-10-2007;4.038
24-10-2007;4.033
25-10-2007;4.033
26-10-2007;4.033
29-10-2007;4.039
30-10-2007;4.041
31-10-2007;4.131
1-11-2007;4.067
2-11-2007;4.061
5-11-2007;4.054
6-11-2007;4.041
7-11-2007;4.041
8-11-2007;4.035
9-11-2007;3.944
12-11-2007;3.837
13-11-2007;3.755
14-11-2007;4.039
15-11-2007;4.047
16-11-2007;4.056
19-11-2007;4.057
20-11-2007;4.073
21-11-2007;4.083
22-11-2007;4.099
23-11-2007;4.108
26-11-2007;4.078
27-11-2007;4.039
28-11-2007;3.965
29-11-2007;3.97
30-11-2007;4.038
3-12-2007;3.964
4-12-2007;3.914
5-12-2007;3.793
6-12-2007;3.735
7-12-2007;3.789
10-12-2007;3.857
11-12-2007;4.038
12-12-2007;4.043
13-12-2007;4.026
14-12-2007;3.852
17-12-2007;3.912
18-12-2007;3.874
19-12-2007;3.87
20-12-2007;3.933
21-12-2007;3.882
24-12-2007;3.849
27-12-2007;3.837
28-12-2007;3.618
31-12-2007;3.916
2-1-2008;3.782
3-1-2008;3.909
4-1-2008;4.087
7-1-2008;4.107
8-1-2008;4.119
9-1-2008;4.174
10-1-2008;4.053
11-1-2008;3.883
14-1-2008;3.881
15-1-2008;4.078
16-1-2008;4.041
17-1-2008;4.018
18-1-2008;3.968
21-1-2008;3.984
22-1-2008;3.989
23-1-2008;3.994
24-1-2008;4.003
25-1-2008;4.015
28-1-2008;4.018
29-1-2008;4.055
30-1-2008;4.135
31-1-2008;4.187
1-2-2008;4.114
4-2-2008;4.082
5-2-2008;4.034
6-2-2008;4.024
7-2-2008;4.018
8-2-2008;4
11-2-2008;3.999
12-2-2008;4.103
13-2-2008;4.035
14-2-2008;4.03
15-2-2008;4.008
18-2-2008;4.013
19-2-2008;4.014
20-2-2008;4.016
21-2-2008;4.015
22-2-2008;4.008
25-2-2008;4.01
26-2-2008;4.008
27-2-2008;4.006
28-2-2008;4.007
29-2-2008;4.041
3-3-2008;4.009
4-3-2008;4.01
5-3-2008;4.013
6-3-2008;4.019
7-3-2008;4.047
10-3-2008;4.128
11-3-2008;4.229
12-3-2008;4.04
13-3-2008;4.029
14-3-2008;4.026
17-3-2008;4.046
18-3-2008;4.083
19-3-2008;4.188
20-3-2008;4.133
25-3-2008;4.193
26-3-2008;4.187
27-3-2008;4.125
28-3-2008;4.065
31-3-2008;4.159
1-4-2008;4.025
2-4-2008;4.035
3-4-2008;4.006
4-4-2008;3.942
7-4-2008;3.913
8-4-2008;3.895
9-4-2008;4.023
10-4-2008;4.014
11-4-2008;3.973
14-4-2008;3.988
15-4-2008;3.783
16-4-2008;4.005
17-4-2008;3.989
18-4-2008;3.921
21-4-2008;3.877
22-4-2008;3.892
23-4-2008;3.977
24-4-2008;4.027
25-4-2008;4.056
28-4-2008;4.069
29-4-2008;4.09
30-4-2008;4.21
2-5-2008;4.082
5-5-2008;4.065
6-5-2008;4.062
7-5-2008;4.048
8-5-2008;3.979
9-5-2008;3.793
12-5-2008;3.73
13-5-2008;4.004
14-5-2008;4.036
15-5-2008;4.02
16-5-2008;3.999
19-5-2008;3.994
20-5-2008;3.982
21-5-2008;3.987
22-5-2008;3.996
23-5-2008;4.024
26-5-2008;4.043
27-5-2008;4.062
28-5-2008;4.076
29-5-2008;4.107
30-5-2008;4.114
2-6-2008;4.044
3-6-2008;4.037
4-6-2008;4.001
5-6-2008;3.98
6-6-2008;3.963
9-6-2008;3.975
10-6-2008;4.179
11-6-2008;4.04
12-6-2008;4.036
13-6-2008;4.022
16-6-2008;4.027
17-6-2008;4.022
18-6-2008;4.014
19-6-2008;4.003
20-6-2008;3.988
23-6-2008;3.997
24-6-2008;3.993
25-6-2008;3.957
26-6-2008;3.892
27-6-2008;3.706
30-6-2008;4.265
1-7-2008;3.916
2-7-2008;3.925
3-7-2008;3.938
4-7-2008;3.941
7-7-2008;3.913
8-7-2008;3.792
9-7-2008;4.285
10-7-2008;4.28
11-7-2008;4.273
14-7-2008;4.277
15-7-2008;4.277
16-7-2008;4.285
17-7-2008;4.282
18-7-2008;4.281
21-7-2008;4.286
22-7-2008;4.293
23-7-2008;4.296
24-7-2008;4.297
25-7-2008;4.292
28-7-2008;4.297
29-7-2008;4.286
30-7-2008;4.296
31-7-2008;4.381
1-8-2008;4.289
4-8-2008;4.3
5-8-2008;4.309
6-8-2008;4.313
7-8-2008;4.316
8-8-2008;4.295
11-8-2008;4.295
12-8-2008;4.318
13-8-2008;4.303
14-8-2008;4.309
15-8-2008;4.292
18-8-2008;4.302
19-8-2008;4.285
20-8-2008;4.277
21-8-2008;4.273
22-8-2008;4.274
25-8-2008;4.284
26-8-2008;4.289
27-8-2008;4.298
28-8-2008;4.301
29-8-2008;4.355
1-9-2008;4.296
2-9-2008;4.3
3-9-2008;4.308
4-9-2008;4.309
5-9-2008;4.309
8-9-2008;4.3
9-9-2008;3.916
10-9-2008;4.303
11-9-2008;4.306
12-9-2008;4.298
15-9-2008;4.465
16-9-2008;4.216
17-9-2008;4.421
18-9-2008;4.374
19-9-2008;4.378
22-9-2008;4.38
23-9-2008;4.469
24-9-2008;4.257
25-9-2008;4.285
26-9-2008;4.028
29-9-2008;3.922
30-9-2008;4.173
1-10-2008;4.193
2-10-2008;4.203
3-10-2008;4.14
6-10-2008;4.388
7-10-2008;4.601
8-10-2008;4.51
9-10-2008;3.971
10-10-2008;3.846
13-10-2008;3.757
14-10-2008;3.696
15-10-2008;3.697
16-10-2008;3.635
17-10-2008;3.615
20-10-2008;3.597
21-10-2008;3.572
22-10-2008;3.569
23-10-2008;3.567
24-10-2008;3.566
27-10-2008;3.525
28-10-2008;3.537
29-10-2008;3.535
30-10-2008;3.548
31-10-2008;3.587
3-11-2008;3.48
4-11-2008;3.454
5-11-2008;3.442
6-11-2008;3.423
7-11-2008;3.432
10-11-2008;3.453
11-11-2008;3.66
12-11-2008;3.138
13-11-2008;3.078
14-11-2008;3.031
17-11-2008;2.999
18-11-2008;2.957
19-11-2008;2.922
20-11-2008;2.913
21-11-2008;2.904
24-11-2008;2.937
25-11-2008;2.931
26-11-2008;2.934
27-11-2008;2.948
28-11-2008;2.968
1-12-2008;2.934
2-12-2008;2.911
3-12-2008;2.919
4-12-2008;2.896
5-12-2008;2.894
8-12-2008;2.867
9-12-2008;2.941
10-12-2008;2.347
11-12-2008;2.322
12-12-2008;2.306
15-12-2008;2.293
16-12-2008;2.303
17-12-2008;2.249
18-12-2008;2.237
19-12-2008;2.234
22-12-2008;2.235
23-12-2008;2.251
24-12-2008;2.225
29-12-2008;2.234
30-12-2008;2.265
31-12-2008;2.352
2-1-2009;2.221
5-1-2009;2.212
6-1-2009;2.177
7-1-2009;2.181
8-1-2009;2.159
9-1-2009;2.15
12-1-2009;2.144
13-1-2009;2.123
14-1-2009;2.115
15-1-2009;2.117
16-1-2009;2.11
19-1-2009;2.12
20-1-2009;2.147
21-1-2009;1.498
22-1-2009;1.248
23-1-2009;1.204
26-1-2009;1.228
27-1-2009;1.193
28-1-2009;1.209
29-1-2009;1.228
30-1-2009;1.273
2-2-2009;1.211
3-2-2009;1.219
4-2-2009;1.201
5-2-2009;1.186
6-2-2009;1.191
9-2-2009;1.187
10-2-2009;1.291
11-2-2009;1.245
12-2-2009;1.229
13-2-2009;1.235
16-2-2009;1.243
17-2-2009;1.281
18-2-2009;1.281
19-2-2009;1.281
20-2-2009;1.295
23-2-2009;1.302
24-2-2009;1.289
25-2-2009;1.295
26-2-2009;1.306
27-2-2009;1.374
2-3-2009;1.28
3-3-2009;1.284
4-3-2009;1.283
5-3-2009;1.277
6-3-2009;1.261
9-3-2009;1.243
10-3-2009;1.335
11-3-2009;0.845
12-3-2009;0.851
13-3-2009;0.855
16-3-2009;0.865
17-3-2009;0.885
18-3-2009;0.888
19-3-2009;0.901
20-3-2009;0.92
23-3-2009;0.937
24-3-2009;0.931
25-3-2009;0.971
26-3-2009;0.979
27-3-2009;0.972
30-3-2009;0.964
31-3-2009;1.636
1-4-2009;0.96
2-4-2009;0.891
3-4-2009;0.826
6-4-2009;0.786
7-4-2009;1.006
8-4-2009;0.858
9-4-2009;0.958
14-4-2009;0.891
15-4-2009;0.92
16-4-2009;0.974
17-4-2009;0.964
20-4-2009;0.978
21-4-2009;1
22-4-2009;0.954
23-4-2009;0.853
24-4-2009;0.699
27-4-2009;0.638
28-4-2009;0.583
29-4-2009;0.511
30-4-2009;0.588
4-5-2009;0.5
5-5-2009;0.523
6-5-2009;0.532
7-5-2009;0.519
8-5-2009;0.512
11-5-2009;0.486
12-5-2009;0.851
13-5-2009;0.729
14-5-2009;0.717
15-5-2009;0.728
18-5-2009;0.769
19-5-2009;0.838
20-5-2009;0.922
21-5-2009;0.924
22-5-2009;1.082
25-5-2009;1.122
26-5-2009;1.146
27-5-2009;1.01
28-5-2009;0.901
29-5-2009;0.831
1-6-2009;0.687
2-6-2009;0.607
3-6-2009;0.58
4-6-2009;0.581
5-6-2009;0.55
8-6-2009;0.502
9-6-2009;0.737
10-6-2009;0.797
11-6-2009;0.788
12-6-2009;0.837
15-6-2009;0.847
16-6-2009;0.856
17-6-2009;0.852
18-6-2009;0.843
19-6-2009;0.793
22-6-2009;0.76
23-6-2009;0.752
24-6-2009;1.386
25-6-2009;0.432
26-6-2009;0.388
29-6-2009;0.381
30-6-2009;0.401
1-7-2009;0.344
2-7-2009;0.36
3-7-2009;0.328
6-7-2009;0.332
7-7-2009;0.476
8-7-2009;0.362
9-7-2009;0.36
10-7-2009;0.34
13-7-2009;0.353
14-7-2009;0.363
15-7-2009;0.345
16-7-2009;0.358
17-7-2009;0.356
20-7-2009;0.354
21-7-2009;0.365
22-7-2009;0.366
23-7-2009;0.355
24-7-2009;0.346
27-7-2009;0.345
28-7-2009;0.349
29-7-2009;0.349
30-7-2009;0.36
31-7-2009;0.358
3-8-2009;0.346
4-8-2009;0.351
5-8-2009;0.343
6-8-2009;0.334
7-8-2009;0.341
10-8-2009;0.332
11-8-2009;0.473
12-8-2009;0.339
13-8-2009;0.342
14-8-2009;0.338
17-8-2009;0.348
18-8-2009;0.345
19-8-2009;0.343
20-8-2009;0.333
21-8-2009;0.34
24-8-2009;0.347
25-8-2009;0.346
26-8-2009;0.341
27-8-2009;0.342
28-8-2009;0.334
31-8-2009;0.339
1-9-2009;0.334
2-9-2009;0.334
3-9-2009;0.329
4-9-2009;0.333
7-9-2009;0.338
8-9-2009;0.535
9-9-2009;0.332
10-9-2009;0.338
11-9-2009;0.34
14-9-2009;0.35
15-9-2009;0.355
16-9-2009;0.369
17-9-2009;0.359
18-9-2009;0.366
21-9-2009;0.35
22-9-2009;0.355
23-9-2009;0.344
24-9-2009;0.347
25-9-2009;0.342
28-9-2009;0.353
29-9-2009;0.354
30-9-2009;0.533
1-10-2009;0.34
2-10-2009;0.361
5-10-2009;0.354
6-10-2009;0.37
7-10-2009;0.336
8-10-2009;0.33
9-10-2009;0.333
12-10-2009;0.335
13-10-2009;0.57
14-10-2009;0.367
15-10-2009;0.34
16-10-2009;0.343
19-10-2009;0.35
20-10-2009;0.352
21-10-2009;0.347
22-10-2009;0.347
23-10-2009;0.343
26-10-2009;0.34
27-10-2009;0.339
28-10-2009;0.349
29-10-2009;0.348
30-10-2009;0.397
2-11-2009;0.328
3-11-2009;0.324
4-11-2009;0.331
5-11-2009;0.333
6-11-2009;0.326
9-11-2009;0.331
10-11-2009;0.69
11-11-2009;0.339
12-11-2009;0.343
13-11-2009;0.356
16-11-2009;0.347
17-11-2009;0.344
18-11-2009;0.35
19-11-2009;0.35
20-11-2009;0.35
23-11-2009;0.35
24-11-2009;0.346
25-11-2009;0.349
26-11-2009;0.355
27-11-2009;0.342
30-11-2009;0.426
1-12-2009;0.344
2-12-2009;0.349
3-12-2009;0.336
4-12-2009;0.339
7-12-2009;0.642
8-12-2009;0.351
9-12-2009;0.352
10-12-2009;0.351
11-12-2009;0.353
14-12-2009;0.352
15-12-2009;0.352
16-12-2009;0.347
17-12-2009;0.343
18-12-2009;0.343
21-12-2009;0.332
22-12-2009;0.323
23-12-2009;0.299
24-12-2009;0.302
28-12-2009;0.334
29-12-2009;0.326
30-12-2009;0.321
31-12-2009;0.41
4-1-2010;0.341
5-1-2010;0.325
6-1-2010;0.322
7-1-2010;0.351
8-1-2010;0.347
11-1-2010;0.336
12-1-2010;0.333
13-1-2010;0.325
14-1-2010;0.318
15-1-2010;0.316
18-1-2010;0.328
19-1-2010;0.585
20-1-2010;0.335
21-1-2010;0.327
22-1-2010;0.322
25-1-2010;0.339
26-1-2010;0.331
27-1-2010;0.335
28-1-2010;0.338
29-1-2010;0.326
1-2-2010;0.32
2-2-2010;0.33
3-2-2010;0.323
4-2-2010;0.318
5-2-2010;0.312
8-2-2010;0.315
9-2-2010;0.642
10-2-2010;0.32
11-2-2010;0.318
12-2-2010;0.318
15-2-2010;0.319
16-2-2010;0.32
17-2-2010;0.322
18-2-2010;0.329
19-2-2010;0.33
22-2-2010;0.335
23-2-2010;0.338
24-2-2010;0.341
25-2-2010;0.343
26-2-2010;0.319
1-3-2010;0.314
2-3-2010;0.319
3-3-2010;0.319
4-3-2010;0.324
5-3-2010;0.316
8-3-2010;0.312
9-3-2010;0.643
10-3-2010;0.326
11-3-2010;0.346
12-3-2010;0.337
15-3-2010;0.333
16-3-2010;0.321
17-3-2010;0.328
18-3-2010;0.332
19-3-2010;0.338
22-3-2010;0.342
23-3-2010;0.348
24-3-2010;0.33
25-3-2010;0.343
26-3-2010;0.334
29-3-2010;0.342
30-3-2010;0.348
31-3-2010;0.401
1-4-2010;0.325
6-4-2010;0.319
7-4-2010;0.329
8-4-2010;0.332
9-4-2010;0.325
12-4-2010;0.342
13-4-2010;0.658
14-4-2010;0.337
15-4-2010;0.338
16-4-2010;0.334
19-4-2010;0.339
20-4-2010;0.343
21-4-2010;0.343
22-4-2010;0.339
23-4-2010;0.338
26-4-2010;0.345
27-4-2010;0.346
28-4-2010;0.347
29-4-2010;0.349
30-4-2010;0.337
3-5-2010;0.339
4-5-2010;0.34
5-5-2010;0.344
6-5-2010;0.335
7-5-2010;0.321
10-5-2010;0.341
11-5-2010;0.645
12-5-2010;0.307
13-5-2010;0.307
14-5-2010;0.339
17-5-2010;0.325
18-5-2010;0.327
19-5-2010;0.329
20-5-2010;0.342
21-5-2010;0.303
24-5-2010;0.303
25-5-2010;0.337
26-5-2010;0.339
27-5-2010;0.331
28-5-2010;0.338
31-5-2010;0.33
1-6-2010;0.329
2-6-2010;0.3
3-6-2010;0.295
4-6-2010;0.322
7-6-2010;0.324
8-6-2010;0.318
9-6-2010;0.332
10-6-2010;0.334
11-6-2010;0.326
14-6-2010;0.318
15-6-2010;0.665
16-6-2010;0.341
17-6-2010;0.354
18-6-2010;0.368
21-6-2010;0.347
22-6-2010;0.35
23-6-2010;0.328
24-6-2010;0.329
25-6-2010;0.321
28-6-2010;0.326
29-6-2010;0.325
30-6-2010;0.542
1-7-2010;0.48
2-7-2010;0.437
5-7-2010;0.405
6-7-2010;0.424
7-7-2010;0.414
8-7-2010;0.398
9-7-2010;0.394
12-7-2010;0.393
13-7-2010;0.75
14-7-2010;0.444
15-7-2010;0.488
16-7-2010;0.556
19-7-2010;0.555
20-7-2010;0.554
21-7-2010;0.528
22-7-2010;0.524
23-7-2010;0.5
26-7-2010;0.497
27-7-2010;0.49
28-7-2010;0.478
29-7-2010;0.453
30-7-2010;0.423
2-8-2010;0.399
3-8-2010;0.377
4-8-2010;0.365
5-8-2010;0.363
6-8-2010;0.349
9-8-2010;0.344
10-8-2010;0.769
11-8-2010;0.477
12-8-2010;0.464
13-8-2010;0.449
16-8-2010;0.448
17-8-2010;0.443
18-8-2010;0.44
19-8-2010;0.43
20-8-2010;0.428
23-8-2010;0.423
24-8-2010;0.41
25-8-2010;0.411
26-8-2010;0.408
27-8-2010;0.39
30-8-2010;0.384
31-8-2010;0.392
1-9-2010;0.37
2-9-2010;0.364
3-9-2010;0.36
6-9-2010;0.377
7-9-2010;0.695
8-9-2010;0.423
9-9-2010;0.419
10-9-2010;0.415
13-9-2010;0.422
14-9-2010;0.438
15-9-2010;0.455
16-9-2010;0.455
17-9-2010;0.448
20-9-2010;0.446
21-9-2010;0.44
22-9-2010;0.438
23-9-2010;0.439
24-9-2010;0.434
27-9-2010;0.43
28-9-2010;0.425
29-9-2010;0.408
30-9-2010;0.878
1-10-2010;0.721
4-10-2010;0.67
5-10-2010;0.516
6-10-2010;0.438
7-10-2010;0.402
8-10-2010;0.396
11-10-2010;0.39
12-10-2010;0.762
13-10-2010;0.726
14-10-2010;0.742
15-10-2010;0.745
18-10-2010;0.778
19-10-2010;0.81
20-10-2010;0.843
21-10-2010;0.862
22-10-2010;0.849
25-10-2010;0.859
26-10-2010;0.86
27-10-2010;0.849
28-10-2010;0.785
29-10-2010;0.724
1-11-2010;0.683
2-11-2010;0.664
3-11-2010;0.579
4-11-2010;0.456
5-11-2010;0.365
8-11-2010;0.371
9-11-2010;0.729
10-11-2010;0.805
11-11-2010;0.798
12-11-2010;0.791
15-11-2010;0.764
16-11-2010;0.745
17-11-2010;0.707
18-11-2010;0.632
19-11-2010;0.545
22-11-2010;0.521
23-11-2010;0.514
24-11-2010;0.482
25-11-2010;0.474
26-11-2010;0.446
29-11-2010;0.428
30-11-2010;0.539
1-12-2010;0.468
2-12-2010;0.462
3-12-2010;0.414
6-12-2010;0.386
7-12-2010;0.738
8-12-2010;0.721
9-12-2010;0.646
10-12-2010;0.627
13-12-2010;0.588
14-12-2010;0.566
15-12-2010;0.508
16-12-2010;0.453
17-12-2010;0.432
20-12-2010;0.398
21-12-2010;0.391
22-12-2010;0.379
23-12-2010;0.356
24-12-2010;0.396
27-12-2010;0.441
28-12-2010;0.447
29-12-2010;0.43
30-12-2010;0.393
31-12-2010;0.817
3-1-2011;0.421
4-1-2011;0.422
5-1-2011;0.397
6-1-2011;0.379
7-1-2011;0.38
10-1-2011;0.389
11-1-2011;0.376
12-1-2011;0.376
13-1-2011;0.375
14-1-2011;0.361
17-1-2011;0.367
18-1-2011;0.814
19-1-2011;0.705
20-1-2011;0.713
21-1-2011;0.824
24-1-2011;0.916
25-1-2011;1.035
26-1-2011;1.172
27-1-2011;1.063
28-1-2011;1.04
31-1-2011;1.313
1-2-2011;1.318
2-2-2011;0.792
3-2-2011;0.526
4-2-2011;0.365
7-2-2011;0.347
8-2-2011;0.677
9-2-2011;1.093
10-2-2011;1.023
11-2-2011;0.924
14-2-2011;0.827
15-2-2011;0.749
16-2-2011;0.7
17-2-2011;0.625
18-2-2011;0.504
21-2-2011;0.497
22-2-2011;0.531
23-2-2011;0.661
24-2-2011;0.666
25-2-2011;0.628
28-2-2011;0.689
1-3-2011;0.602
2-3-2011;0.472
3-3-2011;0.376
4-3-2011;0.381
7-3-2011;0.447
8-3-2011;0.807
9-3-2011;0.84
10-3-2011;0.799
11-3-2011;0.747
14-3-2011;0.73
15-3-2011;0.718
16-3-2011;0.706
17-3-2011;0.7
18-3-2011;0.71
21-3-2011;0.695
22-3-2011;0.692
23-3-2011;0.695
24-3-2011;0.672
25-3-2011;0.635
28-3-2011;0.622
29-3-2011;0.612
30-3-2011;0.59
31-3-2011;0.902
1-4-2011;0.588
4-4-2011;0.58
5-4-2011;0.583
6-4-2011;0.559
7-4-2011;0.554
8-4-2011;0.54
11-4-2011;0.531
12-4-2011;0.802
13-4-2011;1.139
14-4-2011;1.146
15-4-2011;1.14
18-4-2011;1.129
19-4-2011;1.131
20-4-2011;1.215
21-4-2011;1.434
26-4-2011;1.297
27-4-2011;1.286
28-4-2011;1.282
29-4-2011;1.42
2-5-2011;1.289
3-5-2011;1.26
4-5-2011;1.045
5-5-2011;0.854
6-5-2011;0.59
9-5-2011;0.595
10-5-2011;0.927
11-5-2011;1.051
12-5-2011;1.061
13-5-2011;1.11
16-5-2011;1.129
17-5-2011;1.133
18-5-2011;1.152
19-5-2011;1.161
20-5-2011;1.158
23-5-2011;1.16
24-5-2011;1.138
25-5-2011;1.125
26-5-2011;1.075
27-5-2011;0.921
30-5-2011;0.847
31-5-2011;0.953
1-6-2011;0.849
2-6-2011;0.876
3-6-2011;0.886
6-6-2011;0.88
7-6-2011;0.898
8-6-2011;1.065
9-6-2011;1.296
10-6-2011;1.549
13-6-2011;1.404
14-6-2011;1.185
15-6-2011;1.269
16-6-2011;1.303
17-6-2011;1.338
20-6-2011;1.336
21-6-2011;1.307
22-6-2011;1.091
23-6-2011;0.946
24-6-2011;0.858
27-6-2011;0.846
28-6-2011;0.839
29-6-2011;0.993
30-6-2011;1.715
1-7-2011;0.909
4-7-2011;0.815
5-7-2011;0.707
6-7-2011;0.598
7-7-2011;0.596
8-7-2011;0.592
11-7-2011;0.6
12-7-2011;1.016
13-7-2011;1.476
14-7-2011;1.461
15-7-2011;1.484
18-7-2011;1.489
19-7-2011;1.467
20-7-2011;1.2
21-7-2011;1.078
22-7-2011;0.97
25-7-2011;0.975
26-7-2011;0.991
27-7-2011;0.953
28-7-2011;0.899
29-7-2011;0.972
1-8-2011;0.912
2-8-2011;0.941
3-8-2011;0.858
4-8-2011;0.851
5-8-2011;0.846
8-8-2011;0.86
9-8-2011;1.211
10-8-2011;1.006
11-8-2011;0.903
12-8-2011;0.88
15-8-2011;0.874
16-8-2011;0.885
17-8-2011;0.876
18-8-2011;0.883
19-8-2011;0.89
22-8-2011;0.908
23-8-2011;0.9
24-8-2011;0.896
25-8-2011;0.89
26-8-2011;0.874
29-8-2011;0.869
30-8-2011;0.865
31-8-2011;0.955
1-9-2011;0.884
2-9-2011;0.868
5-9-2011;0.873
6-9-2011;0.871
7-9-2011;0.87
8-9-2011;0.863
9-9-2011;0.85
12-9-2011;0.857
13-9-2011;1.214
14-9-2011;0.93
15-9-2011;0.952
16-9-2011;1.112
19-9-2011;1.041
20-9-2011;1.061
21-9-2011;1.061
22-9-2011;1.04
23-9-2011;1.055
26-9-2011;1.058
27-9-2011;1.071
28-9-2011;1.069
29-9-2011;1.057
30-9-2011;1.463
3-10-2011;1.071
4-10-2011;0.997
5-10-2011;0.97
6-10-2011;0.947
7-10-2011;0.919
10-10-2011;0.892
11-10-2011;1.22
12-10-2011;0.986
13-10-2011;0.958
14-10-2011;0.93
17-10-2011;0.928
18-10-2011;0.924
19-10-2011;0.949
20-10-2011;0.932
21-10-2011;0.937
24-10-2011;0.934
25-10-2011;0.932
26-10-2011;0.946
27-10-2011;0.923
28-10-2011;0.919
31-10-2011;0.937
1-11-2011;0.872
2-11-2011;0.899
3-11-2011;0.909
4-11-2011;0.892
7-11-2011;0.885
8-11-2011;1.219
9-11-2011;0.769
10-11-2011;0.736
11-11-2011;0.733
14-11-2011;0.738
15-11-2011;0.733
16-11-2011;0.728
17-11-2011;0.709
18-11-2011;0.722
21-11-2011;0.705
22-11-2011;0.724
23-11-2011;0.722
24-11-2011;0.719
25-11-2011;0.73
28-11-2011;0.713
29-11-2011;0.718
30-11-2011;0.805
1-12-2011;0.736
2-12-2011;0.725
5-12-2011;0.733
6-12-2011;0.755
7-12-2011;0.747
8-12-2011;0.727
9-12-2011;0.735
12-12-2011;0.696
13-12-2011;1.018
14-12-2011;0.579
15-12-2011;0.571
16-12-2011;0.569
19-12-2011;0.583
20-12-2011;0.605
21-12-2011;0.611
22-12-2011;0.509
23-12-2011;0.422
27-12-2011;0.417
28-12-2011;0.402
29-12-2011;0.399
30-12-2011;0.629
2-1-2012;0.39
3-1-2012;0.396
4-1-2012;0.395
5-1-2012;0.369
6-1-2012;0.357
9-1-2012;0.372
10-1-2012;0.371
11-1-2012;0.375
12-1-2012;0.378
13-1-2012;0.385
16-1-2012;0.386
17-1-2012;0.379
18-1-2012;0.391
19-1-2012;0.374
20-1-2012;0.394
23-1-2012;0.371
24-1-2012;0.378
25-1-2012;0.379
26-1-2012;0.377
27-1-2012;0.379
30-1-2012;0.385
31-1-2012;0.38
1-2-2012;0.363
2-2-2012;0.366
3-2-2012;0.377
6-2-2012;0.366
7-2-2012;0.367
8-2-2012;0.362
9-2-2012;0.367
10-2-2012;0.362
13-2-2012;0.364
14-2-2012;0.371
15-2-2012;0.371
16-2-2012;0.371
17-2-2012;0.364
20-2-2012;0.36
21-2-2012;0.362
22-2-2012;0.359
23-2-2012;0.364
24-2-2012;0.368
27-2-2012;0.36
28-2-2012;0.36
29-2-2012;0.374
1-3-2012;0.37
2-3-2012;0.36
5-3-2012;0.351
6-3-2012;0.342
7-3-2012;0.355
8-3-2012;0.359
9-3-2012;0.362
12-3-2012;0.355
13-3-2012;0.355
14-3-2012;0.363
15-3-2012;0.356
16-3-2012;0.361
19-3-2012;0.359
20-3-2012;0.35
21-3-2012;0.348
22-3-2012;0.352
23-3-2012;0.359
26-3-2012;0.349
27-3-2012;0.353
28-3-2012;0.352
29-3-2012;0.349
30-3-2012;0.388
2-4-2012;0.347
3-4-2012;0.343
4-4-2012;0.353
5-4-2012;0.352
10-4-2012;0.347
11-4-2012;0.35
12-4-2012;0.341
13-4-2012;0.346
16-4-2012;0.346
17-4-2012;0.349
18-4-2012;0.346
19-4-2012;0.347
20-4-2012;0.344
23-4-2012;0.338
24-4-2012;0.338
25-4-2012;0.337
26-4-2012;0.343
27-4-2012;0.346
30-4-2012;0.344
2-5-2012;0.343
3-5-2012;0.343
4-5-2012;0.343
7-5-2012;0.348
8-5-2012;0.346
9-5-2012;0.344
10-5-2012;0.348
11-5-2012;0.341
14-5-2012;0.346
15-5-2012;0.34
16-5-2012;0.33
17-5-2012;0.32
18-5-2012;0.337
21-5-2012;0.337
22-5-2012;0.336
23-5-2012;0.335
24-5-2012;0.335
25-5-2012;0.323
28-5-2012;0.322
29-5-2012;0.335
30-5-2012;0.333
31-5-2012;0.329
1-6-2012;0.337
4-6-2012;0.332
5-6-2012;0.335
6-6-2012;0.31
7-6-2012;0.312
8-6-2012;0.331
11-6-2012;0.336
12-6-2012;0.336
13-6-2012;0.335
14-6-2012;0.331
15-6-2012;0.329
18-6-2012;0.334
19-6-2012;0.333
20-6-2012;0.326
21-6-2012;0.329
22-6-2012;0.325
25-6-2012;0.328
26-6-2012;0.33
27-6-2012;0.331
28-6-2012;0.331
29-6-2012;0.382
2-7-2012;0.329
3-7-2012;0.332
4-7-2012;0.332
5-7-2012;0.331
6-7-2012;0.329
9-7-2012;0.325
10-7-2012;0.323
11-7-2012;0.131
12-7-2012;0.128
13-7-2012;0.117
16-7-2012;0.114
17-7-2012;0.119
18-7-2012;0.119
19-7-2012;0.12
20-7-2012;0.115
23-7-2012;0.116
24-7-2012;0.113
25-7-2012;0.114
26-7-2012;0.112
27-7-2012;0.111
30-7-2012;0.112
31-7-2012;0.111
1-8-2012;0.112
2-8-2012;0.109
3-8-2012;0.111
6-8-2012;0.109
7-8-2012;0.111
8-8-2012;0.116
9-8-2012;0.123
10-8-2012;0.115
13-8-2012;0.112
14-8-2012;0.11
15-8-2012;0.112
16-8-2012;0.111
17-8-2012;0.112
20-8-2012;0.109
21-8-2012;0.103
22-8-2012;0.103
23-8-2012;0.108
24-8-2012;0.107
27-8-2012;0.11
28-8-2012;0.111
29-8-2012;0.102
30-8-2012;0.106
31-8-2012;0.11
3-9-2012;0.108
4-9-2012;0.102
5-9-2012;0.107
6-9-2012;0.108
7-9-2012;0.105
10-9-2012;0.101
11-9-2012;0.1
12-9-2012;0.101
13-9-2012;0.103
14-9-2012;0.095
17-9-2012;0.089
18-9-2012;0.1
19-9-2012;0.09
20-9-2012;0.097
21-9-2012;0.095
24-9-2012;0.095
25-9-2012;0.092
26-9-2012;0.096
27-9-2012;0.095
28-9-2012;0.107
1-10-2012;0.095
2-10-2012;0.087
3-10-2012;0.085
4-10-2012;0.095
5-10-2012;0.093
8-10-2012;0.094
9-10-2012;0.091
10-10-2012;0.092
11-10-2012;0.095
12-10-2012;0.092
15-10-2012;0.096
16-10-2012;0.091
17-10-2012;0.093
18-10-2012;0.093
19-10-2012;0.095
22-10-2012;0.092
23-10-2012;0.088
24-10-2012;0.089
25-10-2012;0.089
26-10-2012;0.086
29-10-2012;0.089
30-10-2012;0.088
31-10-2012;0.078
1-11-2012;0.079
2-11-2012;0.09
5-11-2012;0.089
6-11-2012;0.09
7-11-2012;0.09
8-11-2012;0.087
9-11-2012;0.072
12-11-2012;0.082
13-11-2012;0.08
14-11-2012;0.077
15-11-2012;0.078
16-11-2012;0.079
19-11-2012;0.077
20-11-2012;0.074
21-11-2012;0.072
22-11-2012;0.071
23-11-2012;0.074
26-11-2012;0.072
27-11-2012;0.072
28-11-2012;0.073
29-11-2012;0.072
30-11-2012;0.077
3-12-2012;0.077
4-12-2012;0.073
5-12-2012;0.069
6-12-2012;0.072
7-12-2012;0.072
10-12-2012;0.069
11-12-2012;0.067
12-12-2012;0.066
13-12-2012;0.071
14-12-2012;0.074
17-12-2012;0.071
18-12-2012;0.072
19-12-2012;0.07
20-12-2012;0.069
21-12-2012;0.06
24-12-2012;0.061
27-12-2012;0.072
28-12-2012;0.079
31-12-2012;0.131
2-1-2013;0.062
3-1-2013;0.066
4-1-2013;0.068
7-1-2013;0.066
8-1-2013;0.067
9-1-2013;0.069
10-1-2013;0.069
11-1-2013;0.067
14-1-2013;0.065
15-1-2013;0.064
16-1-2013;0.067
17-1-2013;0.068
18-1-2013;0.068
21-1-2013;0.068
22-1-2013;0.069
23-1-2013;0.068
24-1-2013;0.068
25-1-2013;0.071
28-1-2013;0.073
29-1-2013;0.074
30-1-2013;0.081
31-1-2013;0.08
1-2-2013;0.081
4-2-2013;0.079
5-2-2013;0.074
6-2-2013;0.067
7-2-2013;0.068
8-2-2013;0.068
11-2-2013;0.072
12-2-2013;0.073
13-2-2013;0.064
14-2-2013;0.066
15-2-2013;0.06
18-2-2013;0.058
19-2-2013;0.062
20-2-2013;0.069
21-2-2013;0.07
22-2-2013;0.071
25-2-2013;0.064
26-2-2013;0.065
27-2-2013;0.056
28-2-2013;0.066
1-3-2013;0.059
4-3-2013;0.06
5-3-2013;0.061
6-3-2013;0.07
7-3-2013;0.063
8-3-2013;0.06
11-3-2013;0.064
12-3-2013;0.068
13-3-2013;0.068
14-3-2013;0.068
15-3-2013;0.07
18-3-2013;0.069
19-3-2013;0.064
20-3-2013;0.065
21-3-2013;0.062
22-3-2013;0.061
25-3-2013;0.064
26-3-2013;0.064
27-3-2013;0.067
28-3-2013;0.112
2-4-2013;0.07
3-4-2013;0.072
4-4-2013;0.074
5-4-2013;0.075
8-4-2013;0.082
9-4-2013;0.078
10-4-2013;0.082
11-4-2013;0.086
12-4-2013;0.082
15-4-2013;0.083
16-4-2013;0.08
17-4-2013;0.078
18-4-2013;0.08
19-4-2013;0.083
22-4-2013;0.082
23-4-2013;0.079
24-4-2013;0.083
25-4-2013;0.083
26-4-2013;0.082
29-4-2013;0.085
30-4-2013;0.102
2-5-2013;0.078
3-5-2013;0.077
6-5-2013;0.083
7-5-2013;0.075
8-5-2013;0.064
9-5-2013;0.072
10-5-2013;0.074
13-5-2013;0.086
14-5-2013;0.081
15-5-2013;0.078
16-5-2013;0.082
17-5-2013;0.066
20-5-2013;0.069
21-5-2013;0.076
22-5-2013;0.083
23-5-2013;0.078
24-5-2013;0.081
27-5-2013;0.082
28-5-2013;0.084
29-5-2013;0.076
30-5-2013;0.073
31-5-2013;0.114
3-6-2013;0.078
4-6-2013;0.078
5-6-2013;0.081
6-6-2013;0.083
7-6-2013;0.078
10-6-2013;0.082
11-6-2013;0.075
12-6-2013;0.077
13-6-2013;0.074
14-6-2013;0.075
17-6-2013;0.08
18-6-2013;0.073
19-6-2013;0.082
20-6-2013;0.082
21-6-2013;0.084
24-6-2013;0.084
25-6-2013;0.079
26-6-2013;0.084
27-6-2013;0.086
28-6-2013;0.208
1-7-2013;0.085
2-7-2013;0.082
3-7-2013;0.082
4-7-2013;0.087
5-7-2013;0.087
8-7-2013;0.084
9-7-2013;0.083
10-7-2013;0.088
11-7-2013;0.09
12-7-2013;0.087
15-7-2013;0.086
16-7-2013;0.083
17-7-2013;0.09
18-7-2013;0.091
19-7-2013;0.098
22-7-2013;0.101
23-7-2013;0.105
24-7-2013;0.104
25-7-2013;0.098
26-7-2013;0.097
29-7-2013;0.092
30-7-2013;0.099
31-7-2013;0.143
1-8-2013;0.093
2-8-2013;0.084
5-8-2013;0.083
6-8-2013;0.078
7-8-2013;0.099
8-8-2013;0.084
9-8-2013;0.082
12-8-2013;0.079
13-8-2013;0.077
14-8-2013;0.08
15-8-2013;0.077
16-8-2013;0.078
19-8-2013;0.079
20-8-2013;0.078
21-8-2013;0.078
22-8-2013;0.079
23-8-2013;0.077
26-8-2013;0.078
27-8-2013;0.08
28-8-2013;0.078
29-8-2013;0.076
30-8-2013;0.107
2-9-2013;0.079
3-9-2013;0.08
4-9-2013;0.073
5-9-2013;0.069
6-9-2013;0.075
9-9-2013;0.068
10-9-2013;0.071
11-9-2013;0.073
12-9-2013;0.068
13-9-2013;0.072
16-9-2013;0.073
17-9-2013;0.075
18-9-2013;0.078
19-9-2013;0.075
20-9-2013;0.078
23-9-2013;0.08
24-9-2013;0.077
25-9-2013;0.077
26-9-2013;0.082
27-9-2013;0.085
30-9-2013;0.179
1-10-2013;0.08
2-10-2013;0.079
3-10-2013;0.079
4-10-2013;0.084
7-10-2013;0.082
8-10-2013;0.084
9-10-2013;0.081
10-10-2013;0.08
11-10-2013;0.085
14-10-2013;0.078
15-10-2013;0.078
16-10-2013;0.082
17-10-2013;0.088
18-10-2013;0.093
21-10-2013;0.091
22-10-2013;0.093
23-10-2013;0.094
24-10-2013;0.096
25-10-2013;0.096
28-10-2013;0.095
29-10-2013;0.098
30-10-2013;0.103
31-10-2013;0.228
1-11-2013;0.092
4-11-2013;0.092
5-11-2013;0.089
6-11-2013;0.086
7-11-2013;0.078
8-11-2013;0.077
11-11-2013;0.076
12-11-2013;0.074
13-11-2013;0.07
14-11-2013;0.076
15-11-2013;0.079
18-11-2013;0.084
19-11-2013;0.086
20-11-2013;0.091
21-11-2013;0.108
22-11-2013;0.117
25-11-2013;0.132
26-11-2013;0.131
27-11-2013;0.123
28-11-2013;0.127
29-11-2013;0.277
2-12-2013;0.112
3-12-2013;0.117
4-12-2013;0.126
5-12-2013;0.127
6-12-2013;0.127
9-12-2013;0.125
10-12-2013;0.131
11-12-2013;0.144
12-12-2013;0.139
13-12-2013;0.15
16-12-2013;0.183
17-12-2013;0.206
18-12-2013;0.176
19-12-2013;0.159
20-12-2013;0.161
23-12-2013;0.158
24-12-2013;0.171
27-12-2013;0.192
30-12-2013;0.223
31-12-2013;0.446
2-1-2014;0.152
3-1-2014;0.111
6-1-2014;0.096
7-1-2014;0.099
8-1-2014;0.137
9-1-2014;0.156
10-1-2014;0.154
13-1-2014;0.153
14-1-2014;0.147
15-1-2014;0.21
16-1-2014;0.3
17-1-2014;0.343
20-1-2014;0.359
21-1-2014;0.351
22-1-2014;0.238
23-1-2014;0.21
24-1-2014;0.191
27-1-2014;0.188
28-1-2014;0.179
29-1-2014;0.157
30-1-2014;0.155
31-1-2014;0.228
3-2-2014;0.14
4-2-2014;0.133
5-2-2014;0.145
6-2-2014;0.132
7-2-2014;0.131
10-2-2014;0.127
11-2-2014;0.122
12-2-2014;0.17
13-2-2014;0.159
14-2-2014;0.144
17-2-2014;0.15
18-2-2014;0.153
19-2-2014;0.164
20-2-2014;0.169
21-2-2014;0.171
24-2-2014;0.169
25-2-2014;0.166
26-2-2014;0.168
27-2-2014;0.162
28-2-2014;0.259
3-3-2014;0.156
4-3-2014;0.157
5-3-2014;0.164
6-3-2014;0.163
7-3-2014;0.159
10-3-2014;0.167
11-3-2014;0.171
12-3-2014;0.172
13-3-2014;0.17
14-3-2014;0.158
17-3-2014;0.162
18-3-2014;0.16
19-3-2014;0.168
20-3-2014;0.163
21-3-2014;0.17
24-3-2014;0.169
25-3-2014;0.172
26-3-2014;0.171
27-3-2014;0.174
28-3-2014;0.195
31-3-2014;0.688
1-4-2014;0.194
2-4-2014;0.212
3-4-2014;0.218
4-4-2014;0.212
7-4-2014;0.224
8-4-2014;0.216
9-4-2014;0.209
10-4-2014;0.207
11-4-2014;0.209
14-4-2014;0.209
15-4-2014;0.207
16-4-2014;0.204
17-4-2014;0.221
22-4-2014;0.217
23-4-2014;0.238
24-4-2014;0.294
25-4-2014;0.331
28-4-2014;0.398
29-4-2014;0.457
30-4-2014;0.4
2-5-2014;0.159
5-5-2014;0.126
6-5-2014;0.108
7-5-2014;0.26
8-5-2014;0.239
9-5-2014;0.222
12-5-2014;0.191
13-5-2014;0.184
14-5-2014;0.177
15-5-2014;0.172
16-5-2014;0.169
19-5-2014;0.177
20-5-2014;0.196
21-5-2014;0.271
22-5-2014;0.337
23-5-2014;0.396
26-5-2014;0.425
27-5-2014;0.469
28-5-2014;0.239
29-5-2014;0.244
30-5-2014;0.448
2-6-2014;0.226
3-6-2014;0.191
4-6-2014;0.142
5-6-2014;0.104
6-6-2014;0.067
9-6-2014;0.053
10-6-2014;0.065
11-6-2014;0.06
12-6-2014;0.043
13-6-2014;0.026
16-6-2014;0.027
17-6-2014;0.03
18-6-2014;0.015
19-6-2014;0.01
20-6-2014;0.025
23-6-2014;0.031
24-6-2014;0.036
25-6-2014;0.043
26-6-2014;0.036
27-6-2014;0.025
30-6-2014;0.336
1-7-2014;0.026
2-7-2014;0.023
3-7-2014;0.032
4-7-2014;0.032
7-7-2014;0.029
8-7-2014;0.027
9-7-2014;0.033
10-7-2014;0.036
11-7-2014;0.05
14-7-2014;0.052
15-7-2014;0.034
16-7-2014;0.036
17-7-2014;0.039
18-7-2014;0.037
21-7-2014;0.048
22-7-2014;0.041
23-7-2014;0.047
24-7-2014;0.042
25-7-2014;0.043
28-7-2014;0.044
29-7-2014;0.032
30-7-2014;0.035
31-7-2014;0.177
1-8-2014;0.023
4-8-2014;0.029
5-8-2014;0.031
6-8-2014;0.021
7-8-2014;0.014
8-8-2014;0.019
11-8-2014;0.01
12-8-2014;0.009
13-8-2014;0.019
14-8-2014;0.014
15-8-2014;0.007
18-8-2014;0.006
19-8-2014;0.005
20-8-2014;0.013
21-8-2014;0.014
22-8-2014;0.006
25-8-2014;0.019
26-8-2014;0.009
27-8-2014;0.011
28-8-2014;-0.004
29-8-2014;0.101
1-9-2014;-0.013
2-9-2014;-0.007
3-9-2014;-0.006
4-9-2014;0.003
5-9-2014;0
8-9-2014;0.003
9-9-2014;0.012
10-9-2014;-0.024
11-9-2014;-0.016
12-9-2014;-0.014
15-9-2014;-0.011
16-9-2014;0.007
17-9-2014;0.007
18-9-2014;0.003
19-9-2014;0.007
22-9-2014;0.002
23-9-2014;0.015
24-9-2014;0.022
25-9-2014;-0.003
26-9-2014;-0.017
29-9-2014;-0.022
30-9-2014;0.197
1-10-2014;-0.032
2-10-2014;-0.033
3-10-2014;-0.045
6-10-2014;-0.014
7-10-2014;-0.033
8-10-2014;-0.015
9-10-2014;-0.015
10-10-2014;-0.006
13-10-2014;-0.018
14-10-2014;-0.026
15-10-2014;-0.011
16-10-2014;-0.012
17-10-2014;-0.014
20-10-2014;-0.003
21-10-2014;0.012
22-10-2014;0.017
23-10-2014;0.014
24-10-2014;0.018
27-10-2014;0.013
28-10-2014;0.01
29-10-2014;0.006
30-10-2014;0.002
31-10-2014;0.082
3-11-2014;-0.035
4-11-2014;-0.039
5-11-2014;-0.042
6-11-2014;-0.037
7-11-2014;-0.038
10-11-2014;-0.032
11-11-2014;-0.036
12-11-2014;-0.027
13-11-2014;-0.028
14-11-2014;-0.029
17-11-2014;-0.027
18-11-2014;-0.022
19-11-2014;-0.023
20-11-2014;-0.019
21-11-2014;-0.011
24-11-2014;-0.006
25-11-2014;0.017
26-11-2014;0.046
27-11-2014;0.029
28-11-2014;0.128
1-12-2014;-0.007
2-12-2014;-0.025
3-12-2014;-0.023
4-12-2014;-0.036
5-12-2014;-0.038
8-12-2014;-0.052
9-12-2014;-0.04
10-12-2014;-0.025
11-12-2014;-0.014
12-12-2014;-0.021
15-12-2014;-0.016
16-12-2014;-0.019
17-12-2014;-0.026
18-12-2014;-0.03
19-12-2014;-0.055
22-12-2014;-0.051
23-12-2014;-0.077
24-12-2014;-0.085
29-12-2014;-0.06
30-12-2014;-0.077
31-12-2014;0.144
2-1-2015;-0.079
5-1-2015;-0.074
6-1-2015;-0.075
7-1-2015;-0.069
8-1-2015;-0.07
9-1-2015;-0.047
12-1-2015;-0.063
13-1-2015;-0.069
14-1-2015;-0.067
15-1-2015;-0.067
16-1-2015;-0.081
19-1-2015;-0.075
20-1-2015;-0.081
21-1-2015;-0.068
22-1-2015;-0.036
23-1-2015;-0.019
26-1-2015;-0.033
27-1-2015;-0.019
28-1-2015;-0.029
29-1-2015;-0.028
30-1-2015;0.086
2-2-2015;-0.024
3-2-2015;-0.034
4-2-2015;-0.037
5-2-2015;-0.026
6-2-2015;-0.037
9-2-2015;-0.042
10-2-2015;-0.041
11-2-2015;-0.048
12-2-2015;-0.045
13-2-2015;-0.046
16-2-2015;-0.049
17-2-2015;-0.04
18-2-2015;-0.038
19-2-2015;-0.034
20-2-2015;-0.043
23-2-2015;-0.044
24-2-2015;-0.048
25-2-2015;-0.046
26-2-2015;-0.062
27-2-2015;0.064
2-3-2015;-0.055
3-3-2015;-0.063
4-3-2015;-0.06
5-3-2015;-0.056
6-3-2015;-0.064
9-3-2015;-0.064
10-3-2015;-0.064
11-3-2015;-0.055
12-3-2015;-0.055
13-3-2015;-0.04
16-3-2015;-0.058
17-3-2015;-0.041
18-3-2015;-0.057
19-3-2015;-0.04
20-3-2015;-0.055
23-3-2015;-0.048
24-3-2015;-0.059
25-3-2015;-0.063
26-3-2015;-0.058
27-3-2015;-0.053
30-3-2015;-0.05
31-3-2015;0.05
1-4-2015;-0.07
2-4-2015;-0.079
7-4-2015;-0.08
8-4-2015;-0.074
9-4-2015;-0.056
10-4-2015;-0.07
13-4-2015;-0.072
14-4-2015;-0.089
15-4-2015;-0.074
16-4-2015;-0.093
17-4-2015;-0.073
20-4-2015;-0.079
21-4-2015;-0.084
22-4-2015;-0.077
23-4-2015;-0.08
24-4-2015;-0.081
27-4-2015;-0.081
28-4-2015;-0.079
29-4-2015;-0.072
30-4-2015;-0.027
4-5-2015;-0.084
5-5-2015;-0.085
6-5-2015;-0.088
7-5-2015;-0.089
8-5-2015;-0.087
11-5-2015;-0.089
12-5-2015;-0.091
13-5-2015;-0.137
14-5-2015;-0.143
15-5-2015;-0.11
18-5-2015;-0.105
19-5-2015;-0.106
20-5-2015;-0.105
21-5-2015;-0.106
22-5-2015;-0.14
25-5-2015;-0.143
26-5-2015;-0.109
27-5-2015;-0.114
28-5-2015;-0.104
29-5-2015;-0.08
1-6-2015;-0.106
2-6-2015;-0.122
3-6-2015;-0.143
4-6-2015;-0.138
5-6-2015;-0.115
8-6-2015;-0.127
9-6-2015;-0.126
10-6-2015;-0.117
11-6-2015;-0.12
12-6-2015;-0.125
15-6-2015;-0.119
16-6-2015;-0.125
17-6-2015;-0.11
18-6-2015;-0.118
19-6-2015;-0.12
22-6-2015;-0.127
23-6-2015;-0.121
24-6-2015;-0.111
25-6-2015;-0.116
26-6-2015;-0.123
29-6-2015;-0.118
30-6-2015;-0.06
1-7-2015;-0.123
2-7-2015;-0.121
3-7-2015;-0.116
6-7-2015;-0.122
7-7-2015;-0.12
8-7-2015;-0.118
9-7-2015;-0.121
10-7-2015;-0.12
13-7-2015;-0.118
14-7-2015;-0.112
15-7-2015;-0.122
16-7-2015;-0.124
17-7-2015;-0.122
20-7-2015;-0.116
21-7-2015;-0.121
22-7-2015;-0.12
23-7-2015;-0.115
24-7-2015;-0.114
27-7-2015;-0.117
28-7-2015;-0.114
29-7-2015;-0.113
30-7-2015;-0.116
31-7-2015;-0.102
3-8-2015;-0.108
4-8-2015;-0.11
5-8-2015;-0.108
6-8-2015;-0.116
7-8-2015;-0.119
10-8-2015;-0.129
11-8-2015;-0.117
12-8-2015;-0.124
13-8-2015;-0.129
14-8-2015;-0.13
17-8-2015;-0.122
18-8-2015;-0.126
19-8-2015;-0.119
20-8-2015;-0.118
21-8-2015;-0.119
24-8-2015;-0.126
25-8-2015;-0.135
26-8-2015;-0.129
27-8-2015;-0.127
28-8-2015;-0.126
31-8-2015;-0.11
1-9-2015;-0.125
2-9-2015;-0.125
3-9-2015;-0.124
4-9-2015;-0.133
7-9-2015;-0.136
8-9-2015;-0.134
9-9-2015;-0.13
10-9-2015;-0.132
11-9-2015;-0.13
14-9-2015;-0.14
15-9-2015;-0.142
16-9-2015;-0.136
17-9-2015;-0.138
18-9-2015;-0.141
21-9-2015;-0.145
22-9-2015;-0.142
23-9-2015;-0.143
24-9-2015;-0.143
25-9-2015;-0.143
28-9-2015;-0.146
29-9-2015;-0.135
30-9-2015;-0.122
1-10-2015;-0.142
2-10-2015;-0.139
5-10-2015;-0.144
6-10-2015;-0.134
7-10-2015;-0.139
8-10-2015;-0.138
9-10-2015;-0.142
12-10-2015;-0.134
13-10-2015;-0.136
14-10-2015;-0.135
15-10-2015;-0.143
16-10-2015;-0.142
19-10-2015;-0.142
20-10-2015;-0.139
21-10-2015;-0.136
22-10-2015;-0.139
23-10-2015;-0.134
26-10-2015;-0.144
27-10-2015;-0.137
28-10-2015;-0.145
29-10-2015;-0.143
30-10-2015;-0.129
2-11-2015;-0.129
3-11-2015;-0.134
4-11-2015;-0.13
5-11-2015;-0.129
6-11-2015;-0.138
9-11-2015;-0.145
10-11-2015;-0.139
11-11-2015;-0.131
12-11-2015;-0.138
13-11-2015;-0.132
16-11-2015;-0.138
17-11-2015;-0.131
18-11-2015;-0.129
19-11-2015;-0.137
20-11-2015;-0.133
23-11-2015;-0.138
24-11-2015;-0.139
25-11-2015;-0.134
26-11-2015;-0.139
27-11-2015;-0.138
30-11-2015;-0.127
1-12-2015;-0.131
2-12-2015;-0.132
3-12-2015;-0.136
4-12-2015;-0.138
7-12-2015;-0.142
8-12-2015;-0.147
9-12-2015;-0.235
10-12-2015;-0.232
11-12-2015;-0.231
14-12-2015;-0.23
15-12-2015;-0.239
16-12-2015;-0.241
17-12-2015;-0.238
18-12-2015;-0.237
21-12-2015;-0.231
22-12-2015;-0.231
23-12-2015;-0.234
24-12-2015;-0.244
28-12-2015;-0.238
29-12-2015;-0.223
30-12-2015;-0.14
31-12-2015;-0.127
4-1-2016;-0.241
5-1-2016;-0.251
6-1-2016;-0.253
7-1-2016;-0.233
8-1-2016;-0.235
11-1-2016;-0.236
12-1-2016;-0.233
13-1-2016;-0.237
14-1-2016;-0.24
15-1-2016;-0.239
18-1-2016;-0.24
19-1-2016;-0.239
20-1-2016;-0.238
21-1-2016;-0.24
22-1-2016;-0.241
25-1-2016;-0.238
26-1-2016;-0.236
27-1-2016;-0.237
28-1-2016;-0.239
29-1-2016;-0.228
1-2-2016;-0.237
2-2-2016;-0.232
3-2-2016;-0.247
4-2-2016;-0.231
5-2-2016;-0.236
8-2-2016;-0.242
9-2-2016;-0.237
10-2-2016;-0.237
11-2-2016;-0.239
12-2-2016;-0.24
15-2-2016;-0.243
16-2-2016;-0.242
17-2-2016;-0.244
18-2-2016;-0.244
19-2-2016;-0.243
22-2-2016;-0.242
23-2-2016;-0.246
24-2-2016;-0.247
25-2-2016;-0.249
26-2-2016;-0.243
29-2-2016;-0.227
1-3-2016;-0.238
2-3-2016;-0.234
3-3-2016;-0.238
4-3-2016;-0.236
7-3-2016;-0.239
8-3-2016;-0.234
9-3-2016;-0.236
10-3-2016;-0.242
11-3-2016;-0.242
14-3-2016;-0.243
15-3-2016;-0.248
16-3-2016;-0.339
17-3-2016;-0.347
18-3-2016;-0.345
21-3-2016;-0.345
22-3-2016;-0.344
23-3-2016;-0.346
24-3-2016;-0.349
29-3-2016;-0.347
30-3-2016;-0.347
31-3-2016;-0.303
1-4-2016;-0.335
4-4-2016;-0.331
5-4-2016;-0.332
6-4-2016;-0.334
7-4-2016;-0.33
8-4-2016;-0.334
11-4-2016;-0.333
12-4-2016;-0.341
13-4-2016;-0.337
14-4-2016;-0.34
15-4-2016;-0.341
18-4-2016;-0.348
19-4-2016;-0.34
20-4-2016;-0.343
21-4-2016;-0.342
22-4-2016;-0.34
25-4-2016;-0.341
26-4-2016;-0.342
27-4-2016;-0.34
28-4-2016;-0.337
29-4-2016;-0.333
2-5-2016;-0.338
3-5-2016;-0.331
4-5-2016;-0.336
5-5-2016;-0.341
6-5-2016;-0.329
9-5-2016;-0.326
10-5-2016;-0.333
11-5-2016;-0.335
12-5-2016;-0.342
13-5-2016;-0.341
16-5-2016;-0.347
17-5-2016;-0.334
18-5-2016;-0.337
19-5-2016;-0.34
20-5-2016;-0.335
23-5-2016;-0.338
24-5-2016;-0.34
25-5-2016;-0.342
26-5-2016;-0.356
27-5-2016;-0.346
30-5-2016;-0.345
31-5-2016;-0.324
1-6-2016;-0.333
2-6-2016;-0.33
3-6-2016;-0.338
6-6-2016;-0.331
7-6-2016;-0.333
8-6-2016;-0.337
9-6-2016;-0.331
10-6-2016;-0.329
13-6-2016;-0.327
14-6-2016;-0.33
15-6-2016;-0.334
16-6-2016;-0.335
17-6-2016;-0.341
20-6-2016;-0.341
21-6-2016;-0.335
22-6-2016;-0.34
23-6-2016;-0.345
24-6-2016;-0.323
27-6-2016;-0.336
28-6-2016;-0.337
29-6-2016;-0.337
30-6-2016;-0.293
1-7-2016;-0.321
4-7-2016;-0.315
5-7-2016;-0.323
6-7-2016;-0.326
7-7-2016;-0.329
8-7-2016;-0.321
11-7-2016;-0.326
12-7-2016;-0.324
13-7-2016;-0.326
14-7-2016;-0.332
15-7-2016;-0.333
18-7-2016;-0.334
19-7-2016;-0.336
20-7-2016;-0.333
21-7-2016;-0.335
22-7-2016;-0.335
25-7-2016;-0.334
26-7-2016;-0.334
27-7-2016;-0.331
28-7-2016;-0.335
29-7-2016;-0.321
1-8-2016;-0.33
2-8-2016;-0.331
3-8-2016;-0.332
4-8-2016;-0.337
5-8-2016;-0.339
8-8-2016;-0.342
9-8-2016;-0.338
10-8-2016;-0.333
11-8-2016;-0.344
12-8-2016;-0.347
15-8-2016;-0.346
16-8-2016;-0.336
17-8-2016;-0.338
18-8-2016;-0.339
19-8-2016;-0.342
22-8-2016;-0.341
23-8-2016;-0.34
24-8-2016;-0.339
25-8-2016;-0.341
26-8-2016;-0.343
29-8-2016;-0.345
30-8-2016;-0.341
31-8-2016;-0.329
1-9-2016;-0.338
2-9-2016;-0.339
5-9-2016;-0.339
6-9-2016;-0.341
7-9-2016;-0.354
8-9-2016;-0.337
9-9-2016;-0.342
12-9-2016;-0.344
13-9-2016;-0.346
14-9-2016;-0.342
15-9-2016;-0.345
16-9-2016;-0.346
19-9-2016;-0.347
20-9-2016;-0.346
21-9-2016;-0.347
22-9-2016;-0.342
23-9-2016;-0.345
26-9-2016;-0.345
27-9-2016;-0.343
28-9-2016;-0.346
29-9-2016;-0.343
30-9-2016;-0.329
3-10-2016;-0.321
4-10-2016;-0.344
5-10-2016;-0.342
6-10-2016;-0.346
7-10-2016;-0.349
10-10-2016;-0.345
11-10-2016;-0.348
12-10-2016;-0.347
13-10-2016;-0.348
14-10-2016;-0.35
17-10-2016;-0.352
18-10-2016;-0.349
19-10-2016;-0.351
20-10-2016;-0.349
21-10-2016;-0.348
24-10-2016;-0.35
25-10-2016;-0.352
26-10-2016;-0.351
27-10-2016;-0.354
28-10-2016;-0.351
31-10-2016;-0.332
1-11-2016;-0.348
2-11-2016;-0.343
3-11-2016;-0.343
4-11-2016;-0.343
7-11-2016;-0.344
8-11-2016;-0.344
9-11-2016;-0.356
10-11-2016;-0.353
11-11-2016;-0.35
14-11-2016;-0.347
15-11-2016;-0.349
16-11-2016;-0.356
17-11-2016;-0.349
18-11-2016;-0.35
21-11-2016;-0.349
22-11-2016;-0.351
23-11-2016;-0.348
24-11-2016;-0.352
25-11-2016;-0.35
28-11-2016;-0.353
29-11-2016;-0.351
30-11-2016;-0.343
1-12-2016;-0.344
2-12-2016;-0.347
5-12-2016;-0.347
6-12-2016;-0.351
7-12-2016;-0.349
8-12-2016;-0.346
9-12-2016;-0.348
12-12-2016;-0.35
13-12-2016;-0.352
14-12-2016;-0.351
15-12-2016;-0.356
16-12-2016;-0.354
19-12-2016;-0.354
20-12-2016;-0.354
21-12-2016;-0.353
22-12-2016;-0.354
23-12-2016;-0.356
27-12-2016;-0.355
28-12-2016;-0.354
29-12-2016;-0.355
30-12-2016;-0.329
2-1-2017;-0.356
3-1-2017;-0.348
4-1-2017;-0.345
5-1-2017;-0.354
6-1-2017;-0.356
9-1-2017;-0.351
10-1-2017;-0.351
11-1-2017;-0.351
12-1-2017;-0.353
13-1-2017;-0.352
16-1-2017;-0.353
17-1-2017;-0.352
18-1-2017;-0.352
19-1-2017;-0.351
20-1-2017;-0.351
23-1-2017;-0.353
24-1-2017;-0.353
25-1-2017;-0.354
26-1-2017;-0.352
27-1-2017;-0.351
30-1-2017;-0.35
31-1-2017;-0.345
1-2-2017;-0.347
2-2-2017;-0.351
3-2-2017;-0.348
6-2-2017;-0.351
7-2-2017;-0.349
8-2-2017;-0.35
9-2-2017;-0.353
10-2-2017;-0.352
13-2-2017;-0.354
14-2-2017;-0.353
15-2-2017;-0.353
16-2-2017;-0.354
17-2-2017;-0.355
20-2-2017;-0.354
21-2-2017;-0.356
22-2-2017;-0.36
23-2-2017;-0.356
24-2-2017;-0.359
27-2-2017;-0.357
28-2-2017;-0.345
1-3-2017;-0.35
2-3-2017;-0.351
3-3-2017;-0.349
6-3-2017;-0.352
7-3-2017;-0.353
8-3-2017;-0.353
9-3-2017;-0.353
10-3-2017;-0.352
13-3-2017;-0.353
14-3-2017;-0.354
15-3-2017;-0.354
16-3-2017;-0.354
17-3-2017;-0.353
20-3-2017;-0.35
21-3-2017;-0.347
22-3-2017;-0.357
23-3-2017;-0.357
24-3-2017;-0.356
27-3-2017;-0.357
28-3-2017;-0.357
29-3-2017;-0.357
30-3-2017;-0.356
31-3-2017;-0.355
3-4-2017;-0.353
4-4-2017;-0.351
5-4-2017;-0.352
6-4-2017;-0.353
7-4-2017;-0.353
10-4-2017;-0.357
11-4-2017;-0.358
12-4-2017;-0.359
13-4-2017;-0.358
18-4-2017;-0.359
19-4-2017;-0.359
20-4-2017;-0.358
21-4-2017;-0.358
24-4-2017;-0.358
25-4-2017;-0.362
26-4-2017;-0.363
27-4-2017;-0.362
28-4-2017;-0.351
2-5-2017;-0.356
3-5-2017;-0.357
4-5-2017;-0.357
5-5-2017;-0.357
8-5-2017;-0.356
9-5-2017;-0.357
10-5-2017;-0.358
11-5-2017;-0.361
12-5-2017;-0.358
15-5-2017;-0.358
16-5-2017;-0.367
17-5-2017;-0.359
18-5-2017;-0.362
19-5-2017;-0.36
22-5-2017;-0.359
23-5-2017;-0.36
24-5-2017;-0.359
25-5-2017;-0.365
26-5-2017;-0.359
29-5-2017;-0.361
30-5-2017;-0.361
31-5-2017;-0.348
1-6-2017;-0.355
2-6-2017;-0.331
5-6-2017;-0.373
6-6-2017;-0.358
7-6-2017;-0.362
8-6-2017;-0.358
9-6-2017;-0.36
12-6-2017;-0.358
13-6-2017;-0.358
14-6-2017;-0.358
15-6-2017;-0.361
16-6-2017;-0.355
19-6-2017;-0.36
20-6-2017;-0.362
21-6-2017;-0.362
22-6-2017;-0.362
23-6-2017;-0.362
26-6-2017;-0.362
27-6-2017;-0.362
28-6-2017;-0.362
29-6-2017;-0.36
30-6-2017;-0.35
3-7-2017;-0.356
4-7-2017;-0.357
5-7-2017;-0.357
6-7-2017;-0.359
7-7-2017;-0.359
10-7-2017;-0.36
11-7-2017;-0.36
12-7-2017;-0.359
13-7-2017;-0.36
14-7-2017;-0.361
17-7-2017;-0.362
18-7-2017;-0.362
19-7-2017;-0.362
20-7-2017;-0.362
21-7-2017;-0.361
24-7-2017;-0.361
25-7-2017;-0.362
26-7-2017;-0.361
27-7-2017;-0.361
28-7-2017;-0.359
31-7-2017;-0.348
1-8-2017;-0.356
2-8-2017;-0.354
3-8-2017;-0.35
4-8-2017;-0.356
7-8-2017;-0.353
8-8-2017;-0.355
9-8-2017;-0.354
10-8-2017;-0.353
11-8-2017;-0.356
14-8-2017;-0.355
15-8-2017;-0.356
16-8-2017;-0.358
17-8-2017;-0.358
18-8-2017;-0.358
21-8-2017;-0.358
22-8-2017;-0.358
23-8-2017;-0.358
24-8-2017;-0.357
25-8-2017;-0.358
28-8-2017;-0.358
29-8-2017;-0.36
30-8-2017;-0.36
31-8-2017;-0.345
1-9-2017;-0.357
4-9-2017;-0.356
5-9-2017;-0.357
6-9-2017;-0.356
7-9-2017;-0.357
8-9-2017;-0.348
11-9-2017;-0.357
12-9-2017;-0.358
13-9-2017;-0.358
14-9-2017;-0.359
15-9-2017;-0.36
18-9-2017;-0.363
19-9-2017;-0.361
20-9-2017;-0.36
21-9-2017;-0.366
22-9-2017;-0.359
25-9-2017;-0.36
26-9-2017;-0.359
27-9-2017;-0.361
28-9-2017;-0.36
29-9-2017;-0.349
2-10-2017;-0.356
3-10-2017;-0.356
4-10-2017;-0.359
5-10-2017;-0.359
6-10-2017;-0.359
9-10-2017;-0.36
10-10-2017;-0.361
11-10-2017;-0.362
12-10-2017;-0.361
13-10-2017;-0.359
16-10-2017;-0.359
17-10-2017;-0.361
18-10-2017;-0.36
19-10-2017;-0.36
20-10-2017;-0.361
23-10-2017;-0.362
24-10-2017;-0.361
25-10-2017;-0.362
26-10-2017;-0.364
27-10-2017;-0.36
30-10-2017;-0.348
31-10-2017;-0.348
1-11-2017;-0.35
2-11-2017;-0.352
3-11-2017;-0.353
6-11-2017;-0.354
7-11-2017;-0.357
8-11-2017;-0.356
9-11-2017;-0.355
10-11-2017;-0.357
13-11-2017;-0.356
14-11-2017;-0.356
15-11-2017;-0.357
16-11-2017;-0.358
17-11-2017;-0.359
20-11-2017;-0.358
21-11-2017;-0.359
22-11-2017;-0.358
23-11-2017;-0.359
24-11-2017;-0.359
27-11-2017;-0.365
28-11-2017;-0.362
29-11-2017;-0.301
30-11-2017;-0.241
1-12-2017;-0.291
4-12-2017;-0.319
5-12-2017;-0.324
6-12-2017;-0.326
7-12-2017;-0.327
8-12-2017;-0.329
11-12-2017;-0.33
12-12-2017;-0.345
13-12-2017;-0.36
14-12-2017;-0.362
15-12-2017;-0.363
18-12-2017;-0.358
19-12-2017;-0.35
20-12-2017;-0.355
21-12-2017;-0.353
22-12-2017;-0.353
27-12-2017;-0.357
28-12-2017;-0.355
29-12-2017;-0.346
2-1-2018;-0.37
3-1-2018;-0.356
4-1-2018;-0.356
5-1-2018;-0.357
8-1-2018;-0.357
9-1-2018;-0.358
10-1-2018;-0.37
11-1-2018;-0.36
12-1-2018;-0.359
15-1-2018;-0.369
16-1-2018;-0.37
17-1-2018;-0.363
18-1-2018;-0.37
19-1-2018;-0.362
22-1-2018;-0.363
23-1-2018;-0.363
24-1-2018;-0.363
25-1-2018;-0.363
26-1-2018;-0.364
29-1-2018;-0.363
30-1-2018;-0.361
31-1-2018;-0.355
1-2-2018;-0.363
2-2-2018;-0.363
5-2-2018;-0.366
6-2-2018;-0.367
7-2-2018;-0.365
8-2-2018;-0.363
9-2-2018;-0.365
12-2-2018;-0.363
13-2-2018;-0.362
14-2-2018;-0.364
15-2-2018;-0.363
16-2-2018;-0.366
19-2-2018;-0.368
20-2-2018;-0.369
21-2-2018;-0.368
22-2-2018;-0.369
23-2-2018;-0.368
26-2-2018;-0.37
27-2-2018;-0.361
28-2-2018;-0.351
1-3-2018;-0.361
2-3-2018;-0.362
5-3-2018;-0.362
6-3-2018;-0.365
7-3-2018;-0.363
8-3-2018;-0.361
9-3-2018;-0.361
12-3-2018;-0.363
13-3-2018;-0.364
14-3-2018;-0.363
15-3-2018;-0.366
16-3-2018;-0.366
19-3-2018;-0.368
20-3-2018;-0.368
21-3-2018;-0.367
22-3-2018;-0.368
23-3-2018;-0.366
26-3-2018;-0.367
27-3-2018;-0.368
28-3-2018;-0.365
29-3-2018;-0.348
3-4-2018;-0.362
4-4-2018;-0.363
5-4-2018;-0.367
6-4-2018;-0.368
9-4-2018;-0.366
10-4-2018;-0.366
11-4-2018;-0.365
12-4-2018;-0.364
13-4-2018;-0.364
16-4-2018;-0.367
17-4-2018;-0.368
18-4-2018;-0.368
19-4-2018;-0.368
20-4-2018;-0.368
23-4-2018;-0.368
24-4-2018;-0.367
25-4-2018;-0.366
26-4-2018;-0.367
27-4-2018;-0.367
30-4-2018;-0.355
2-5-2018;-0.358
3-5-2018;-0.359
4-5-2018;-0.36
7-5-2018;-0.363
8-5-2018;-0.363
9-5-2018;-0.359
10-5-2018;-0.361
11-5-2018;-0.361
14-5-2018;-0.36
15-5-2018;-0.361
16-5-2018;-0.369
17-5-2018;-0.365
18-5-2018;-0.371
21-5-2018;-0.366
22-5-2018;-0.364
23-5-2018;-0.365
24-5-2018;-0.364
25-5-2018;-0.366
28-5-2018;-0.367
29-5-2018;-0.363
30-5-2018;-0.357
31-5-2018;-0.353
1-6-2018;-0.358
4-6-2018;-0.356
5-6-2018;-0.36
6-6-2018;-0.357
7-6-2018;-0.356
8-6-2018;-0.357
11-6-2018;-0.36
12-6-2018;-0.362
13-6-2018;-0.362
14-6-2018;-0.364
15-6-2018;-0.365
18-6-2018;-0.365
19-6-2018;-0.363
20-6-2018;-0.364
21-6-2018;-0.365
22-6-2018;-0.364
25-6-2018;-0.363
26-6-2018;-0.364
27-6-2018;-0.368
28-6-2018;-0.366
29-6-2018;-0.358
2-7-2018;-0.361
3-7-2018;-0.364
4-7-2018;-0.363
5-7-2018;-0.361
6-7-2018;-0.362
9-7-2018;-0.361
10-7-2018;-0.362
11-7-2018;-0.362
12-7-2018;-0.363
13-7-2018;-0.362
16-7-2018;-0.364
17-7-2018;-0.365
18-7-2018;-0.366
19-7-2018;-0.366
20-7-2018;-0.367
23-7-2018;-0.366
24-7-2018;-0.366
25-7-2018;-0.365
26-7-2018;-0.366
27-7-2018;-0.366
30-7-2018;-0.363
31-7-2018;-0.358
1-8-2018;-0.358
2-8-2018;-0.358
3-8-2018;-0.355
6-8-2018;-0.361
7-8-2018;-0.356
8-8-2018;-0.357
9-8-2018;-0.357
10-8-2018;-0.357
13-8-2018;-0.357
14-8-2018;-0.359
15-8-2018;-0.362
16-8-2018;-0.359
17-8-2018;-0.36
20-8-2018;-0.361
21-8-2018;-0.363
22-8-2018;-0.363
23-8-2018;-0.363
24-8-2018;-0.363
27-8-2018;-0.363
28-8-2018;-0.363
29-8-2018;-0.364
30-8-2018;-0.359
31-8-2018;-0.342
3-9-2018;-0.356
4-9-2018;-0.353
5-9-2018;-0.356
6-9-2018;-0.357
7-9-2018;-0.361
10-9-2018;-0.358
11-9-2018;-0.364
12-9-2018;-0.371
13-9-2018;-0.365
14-9-2018;-0.366
17-9-2018;-0.366
18-9-2018;-0.367
19-9-2018;-0.365
20-9-2018;-0.366
21-9-2018;-0.367
24-9-2018;-0.366
25-9-2018;-0.367
26-9-2018;-0.367
27-9-2018;-0.365
28-9-2018;-0.351
1-10-2018;-0.363
2-10-2018;-0.365
3-10-2018;-0.365
4-10-2018;-0.364
5-10-2018;-0.362
8-10-2018;-0.365
9-10-2018;-0.365
10-10-2018;-0.367
11-10-2018;-0.366
12-10-2018;-0.368
15-10-2018;-0.369
16-10-2018;-0.37
17-10-2018;-0.371
18-10-2018;-0.37
19-10-2018;-0.368
22-10-2018;-0.369
23-10-2018;-0.369
24-10-2018;-0.369
25-10-2018;-0.368
26-10-2018;-0.369
29-10-2018;-0.37
30-10-2018;-0.366
31-10-2018;-0.341
1-11-2018;-0.353
2-11-2018;-0.362
5-11-2018;-0.362
6-11-2018;-0.362
7-11-2018;-0.362
8-11-2018;-0.363
9-11-2018;-0.361
12-11-2018;-0.36
13-11-2018;-0.362
14-11-2018;-0.36
15-11-2018;-0.368
16-11-2018;-0.362
19-11-2018;-0.362
20-11-2018;-0.362
21-11-2018;-0.363
22-11-2018;-0.362
23-11-2018;-0.362
26-11-2018;-0.362
27-11-2018;-0.362
28-11-2018;-0.365
29-11-2018;-0.363
30-11-2018;-0.349
3-12-2018;-0.355
4-12-2018;-0.369
5-12-2018;-0.358
6-12-2018;-0.359
7-12-2018;-0.359
10-12-2018;-0.358
11-12-2018;-0.36
12-12-2018;-0.36
13-12-2018;-0.361
14-12-2018;-0.362
17-12-2018;-0.364
18-12-2018;-0.366
19-12-2018;-0.367
20-12-2018;-0.362
21-12-2018;-0.374
24-12-2018;-0.369
27-12-2018;-0.335
28-12-2018;-0.355
31-12-2018;-0.356
2-1-2019;-0.368
3-1-2019;-0.366
4-1-2019;-0.365
7-1-2019;-0.365
8-1-2019;-0.362
9-1-2019;-0.365
10-1-2019;-0.366
11-1-2019;-0.366
14-1-2019;-0.366
15-1-2019;-0.369
16-1-2019;-0.37
17-1-2019;-0.369
18-1-2019;-0.371
21-1-2019;-0.369
22-1-2019;-0.368
23-1-2019;-0.368
24-1-2019;-0.369
25-1-2019;-0.369
28-1-2019;-0.368
29-1-2019;-0.369
30-1-2019;-0.369
31-1-2019;-0.357
1-2-2019;-0.365
4-2-2019;-0.358
5-2-2019;-0.363
6-2-2019;-0.363
7-2-2019;-0.363
8-2-2019;-0.362
11-2-2019;-0.366
12-2-2019;-0.367
13-2-2019;-0.369
14-2-2019;-0.37
15-2-2019;-0.369
18-2-2019;-0.371
19-2-2019;-0.369
20-2-2019;-0.37
21-2-2019;-0.37
22-2-2019;-0.368
25-2-2019;-0.37
26-2-2019;-0.372
27-2-2019;-0.371
28-2-2019;-0.365
1-3-2019;-0.368
4-3-2019;-0.37
5-3-2019;-0.372
6-3-2019;-0.368
7-3-2019;-0.364
8-3-2019;-0.369
11-3-2019;-0.371
12-3-2019;-0.366
13-3-2019;-0.367
14-3-2019;-0.368
15-3-2019;-0.366
18-3-2019;-0.369
19-3-2019;-0.368
20-3-2019;-0.371
21-3-2019;-0.371
22-3-2019;-0.369
25-3-2019;-0.368
26-3-2019;-0.368
27-3-2019;-0.37
28-3-2019;-0.366
29-3-2019;-0.356
1-4-2019;-0.366
2-4-2019;-0.367
3-4-2019;-0.368
4-4-2019;-0.368
5-4-2019;-0.368
8-4-2019;-0.37
9-4-2019;-0.368
10-4-2019;-0.367
11-4-2019;-0.367
12-4-2019;-0.364
15-4-2019;-0.366
16-4-2019;-0.366
17-4-2019;-0.369
18-4-2019;-0.366
23-4-2019;-0.367
24-4-2019;-0.369
25-4-2019;-0.366
26-4-2019;-0.37
29-4-2019;-0.369
30-4-2019;-0.359
2-5-2019;-0.362
3-5-2019;-0.356
6-5-2019;-0.361
7-5-2019;-0.363
8-5-2019;-0.366
9-5-2019;-0.364
10-5-2019;-0.365
13-5-2019;-0.368
14-5-2019;-0.366
15-5-2019;-0.368
16-5-2019;-0.371
17-5-2019;-0.37
20-5-2019;-0.37
21-5-2019;-0.371
22-5-2019;-0.37
23-5-2019;-0.368
24-5-2019;-0.366
27-5-2019;-0.369
28-5-2019;-0.37
29-5-2019;-0.37
30-5-2019;-0.372
31-5-2019;-0.359
3-6-2019;-0.365
4-6-2019;-0.365
5-6-2019;-0.366
6-6-2019;-0.367
7-6-2019;-0.252
10-6-2019;-0.368
11-6-2019;-0.37
12-6-2019;-0.367
13-6-2019;-0.361
14-6-2019;-0.368
17-6-2019;-0.369
18-6-2019;-0.368
19-6-2019;-0.379
20-6-2019;-0.374
21-6-2019;-0.368
24-6-2019;-0.359
25-6-2019;-0.37
26-6-2019;-0.37
27-6-2019;-0.365
28-6-2019;-0.36
1-7-2019;-0.366
2-7-2019;-0.367
3-7-2019;-0.368
4-7-2019;-0.367
5-7-2019;-0.367
8-7-2019;-0.368
9-7-2019;-0.368
10-7-2019;-0.368
11-7-2019;-0.366
12-7-2019;-0.366
15-7-2019;-0.368
16-7-2019;-0.37
17-7-2019;-0.37
18-7-2019;-0.368
19-7-2019;-0.369
22-7-2019;-0.369
23-7-2019;-0.369
24-7-2019;-0.365
25-7-2019;-0.361
26-7-2019;-0.366
29-7-2019;-0.368
30-7-2019;-0.365
31-7-2019;-0.358
1-8-2019;-0.361
2-8-2019;-0.357
5-8-2019;-0.356
6-8-2019;-0.36
7-8-2019;-0.359
8-8-2019;-0.352
9-8-2019;-0.358
12-8-2019;-0.36
13-8-2019;-0.359
14-8-2019;-0.361
15-8-2019;-0.362
16-8-2019;-0.364
19-8-2019;-0.364
20-8-2019;-0.363
21-8-2019;-0.369
22-8-2019;-0.361
23-8-2019;-0.361
26-8-2019;-0.362
27-8-2019;-0.365
28-8-2019;-0.369
29-8-2019;-0.365
30-8-2019;-0.359
2-9-2019;-0.362
3-9-2019;-0.363
4-9-2019;-0.362
5-9-2019;-0.36
6-9-2019;-0.362
9-9-2019;-0.363
10-9-2019;-0.365
11-9-2019;-0.366
12-9-2019;-0.366
13-9-2019;-0.369
16-9-2019;-0.367
17-9-2019;-0.367
18-9-2019;-0.457
19-9-2019;-0.456
20-9-2019;-0.458
23-9-2019;-0.456
24-9-2019;-0.454
25-9-2019;-0.455
26-9-2019;-0.457
27-9-2019;-0.452
30-9-2019;-0.451
1-10-2019;-0.464
2-10-2019;-0.466
3-10-2019;-0.47
4-10-2019;-0.468
7-10-2019;-0.469
8-10-2019;-0.467
9-10-2019;-0.467
10-10-2019;-0.467
11-10-2019;-0.465
14-10-2019;-0.464
15-10-2019;-0.466
16-10-2019;-0.463
17-10-2019;-0.463
18-10-2019;-0.462
21-10-2019;-0.464
22-10-2019;-0.463
23-10-2019;-0.462
24-10-2019;-0.463
25-10-2019;-0.463
28-10-2019;-0.463
29-10-2019;-0.46
30-10-2019;-0.46
31-10-2019;-0.458
1-11-2019;-0.464
4-11-2019;-0.451
5-11-2019;-0.456
6-11-2019;-0.454
7-11-2019;-0.452
8-11-2019;-0.455
11-11-2019;-0.456
12-11-2019;-0.452
13-11-2019;-0.446
14-11-2019;-0.451
15-11-2019;-0.456
18-11-2019;-0.456
19-11-2019;-0.457
20-11-2019;-0.426
21-11-2019;-0.457
22-11-2019;-0.451
25-11-2019;-0.448
26-11-2019;-0.448
27-11-2019;-0.448
28-11-2019;-0.446
29-11-2019;-0.447
2-12-2019;-0.456
3-12-2019;-0.454
4-12-2019;-0.455
5-12-2019;-0.455
6-12-2019;-0.456
9-12-2019;-0.456
10-12-2019;-0.459
11-12-2019;-0.459
12-12-2019;-0.459
13-12-2019;-0.458
16-12-2019;-0.458
17-12-2019;-0.451
18-12-2019;-0.455
19-12-2019;-0.455
20-12-2019;-0.455
23-12-2019;-0.46
24-12-2019;-0.464
27-12-2019;-0.457
30-12-2019;-0.456
31-12-2019;-0.446
2-1-2020;-0.454
3-1-2020;-0.452
6-1-2020;-0.454
7-1-2020;-0.455
8-1-2020;-0.451
9-1-2020;-0.454
10-1-2020;-0.453
13-1-2020;-0.452
14-1-2020;-0.453
15-1-2020;-0.453
16-1-2020;-0.451
17-1-2020;-0.452
20-1-2020;-0.453
21-1-2020;-0.45
22-1-2020;-0.451
23-1-2020;-0.452
24-1-2020;-0.452
27-1-2020;-0.453
28-1-2020;-0.451
29-1-2020;-0.455
30-1-2020;-0.454
31-1-2020;-0.454
3-2-2020;-0.452
4-2-2020;-0.451
5-2-2020;-0.451
6-2-2020;-0.45
7-2-2020;-0.452
10-2-2020;-0.452
11-2-2020;-0.456
12-2-2020;-0.456
13-2-2020;-0.455
14-2-2020;-0.453
17-2-2020;-0.456
18-2-2020;-0.451
19-2-2020;-0.453
20-2-2020;-0.453
21-2-2020;-0.454
24-2-2020;-0.455
25-2-2020;-0.454
26-2-2020;-0.454
27-2-2020;-0.453
28-2-2020;-0.455
2-3-2020;-0.457
3-3-2020;-0.457
4-3-2020;-0.456
5-3-2020;-0.455
6-3-2020;-0.456
9-3-2020;-0.454
10-3-2020;-0.456
11-3-2020;-0.458
12-3-2020;-0.455
